date,price_t_AAPL,price_t_SP500
2009-02-02,11.317136999999999,825.4400019999999
2009-02-03,11.498934,838.51001
2009-02-04,11.569427000000001,832.22998
2009-02-05,11.929309,845.849976
2009-02-06,12.332478,868.599976
2009-02-09,12.677522,869.8900150000001
2009-02-10,12.098739,827.159973
2009-02-11,11.973831,833.73999
2009-02-12,12.276825,835.1900019999999
2009-02-13,12.263221000000001,826.840027
2009-02-17,11.690626,789.169983
2009-02-18,11.670836999999999,788.419983
2009-02-19,11.209543,778.9400019999999
2009-02-20,11.278802,770.049988
2009-02-23,10.7532,743.330017
2009-02-24,11.161311999999999,773.1400150000001
2009-02-25,11.273849,764.900024
2009-02-26,11.030221000000001,752.830017
2009-02-27,11.045059,735.090027
2009-03-02,10.875631,700.820007
2009-03-03,10.928811,696.330017
2009-03-04,11.275091,712.869995
2009-03-05,10.986937,682.549988
2009-03-06,10.549142,683.380005
2009-03-09,10.278300999999999,676.530029
2009-03-10,10.960966,719.599976
2009-03-11,11.461835,721.3599849999999
2009-03-12,11.915707000000001,750.73999
2009-03-13,11.863766,756.549988
2009-03-16,11.800692999999999,753.8900150000001
2009-03-17,12.325058,778.119995
2009-03-18,12.555087,794.349976
2009-03-19,12.567451,784.039978
2009-03-20,12.563742,768.539978
2009-03-23,13.314426000000001,822.919983
2009-03-24,13.170967999999998,806.119995
2009-03-25,13.169731,813.880005
2009-03-26,13.587736999999999,832.8599849999999
2009-03-27,13.214251999999998,815.9400019999999
2009-03-30,12.92239,787.530029
2009-03-31,13.000303,797.869995
2009-04-01,13.441809,811.080017
2009-04-02,13.938966,834.380005
2009-04-03,14.344605,842.5
2009-04-06,14.648833999999999,835.47998
2009-04-07,14.222171,815.549988
2009-04-08,14.385418,825.159973
2009-04-09,14.787348999999999,856.5599980000001
2009-04-13,14.867738000000001,858.7299800000001
2009-04-14,14.631523999999999,841.5
2009-04-15,14.548663000000001,852.0599980000001
2009-04-16,15.019844,865.2999880000001
2009-04-17,15.263478,869.599976
2009-04-20,14.902363000000001,832.3900150000001
2009-04-21,15.058187,850.080017
2009-04-22,15.027266000000001,843.5499880000001
2009-04-23,15.508345000000002,851.919983
2009-04-24,15.322845000000001,866.2299800000001
2009-04-27,15.425488,857.51001
2009-04-28,15.322845000000001,855.159973
2009-04-29,15.476197,873.6400150000001
2009-04-30,15.561526999999998,872.8099980000001
2009-05-01,15.735903,877.5200199999999
2009-05-04,16.333237,907.23999
2009-05-05,16.412385999999998,903.7999880000001
2009-05-06,16.386417,919.5300289999999
2009-05-07,15.960989000000001,907.3900150000001
2009-05-08,15.977063000000001,929.2299800000001
2009-05-11,16.024051999999998,909.23999
2009-05-12,15.387154,908.349976
2009-05-13,14.777458,883.919983
2009-05-14,15.205353,893.070007
2009-05-15,15.139810999999998,882.8800050000001
2009-05-18,15.662939999999999,909.7100220000001
2009-05-19,15.761878,908.1300050000001
2009-05-20,15.566476999999999,903.4699710000001
2009-05-21,15.357467999999999,888.330017
2009-05-22,15.149704000000002,887.0
2009-05-26,16.1737,910.330017
2009-05-27,16.454432999999998,893.0599980000001
2009-05-28,16.704248,906.830017
2009-05-29,16.795763,919.1400150000001
2009-06-01,17.233564,942.8699949999999
2009-06-02,17.250879,944.73999
2009-06-03,17.431435,931.76001
2009-06-04,17.776474,942.4600220000001
2009-06-05,17.891493,940.090027
2009-06-08,17.790079000000002,939.1400150000001
2009-06-09,17.650331,942.429993
2009-06-10,17.344867999999998,939.150024
2009-06-11,17.307766,944.8900150000001
2009-06-12,16.939226,946.2100220000001
2009-06-15,16.830395000000003,923.7199710000001
2009-06-16,16.862553,911.9699710000001
2009-06-17,16.767323,910.7100220000001
2009-06-18,16.804422,918.3699949999999
2009-06-19,17.249638,921.2299800000001
2009-06-22,16.988697,893.0399779999999
2009-06-23,16.57316,895.099976
2009-06-24,16.846472,900.9400019999999
2009-06-25,17.296631,920.26001
2009-06-26,17.615707,918.900024
2009-06-29,17.557579,927.2299800000001
2009-06-30,17.614468,919.320007
2009-07-01,17.663937,923.330017
2009-07-02,17.316422,896.419983
2009-07-06,17.142044,898.7199710000001
2009-07-07,16.745068,881.0300289999999
2009-07-08,16.970142000000003,879.5599980000001
2009-07-09,16.863781,882.679993
2009-07-10,17.13092,879.1300050000001
2009-07-13,17.603334,901.0499880000001
2009-07-14,17.594685000000002,905.840027
2009-07-15,18.164807999999997,932.679993
2009-07-16,18.243958,940.73999
2009-07-17,18.76708,940.3800050000001
2009-07-20,18.910545000000003,951.1300050000001
2009-07-21,18.737402,954.580017
2009-07-22,19.384203,954.070007
2009-07-23,19.517771,976.2899779999999
2009-07-24,19.786135,979.26001
2009-07-27,19.799734,982.179993
2009-07-28,19.787371,979.6199949999999
2009-07-29,19.791079,975.150024
2009-07-30,20.132417999999998,986.75
2009-07-31,20.206615,987.4799800000001
2009-08-03,20.582575,1002.6300050000001
2009-08-04,20.473751,1005.650024
2009-08-05,20.419332999999998,1002.7199710000001
2009-08-06,20.270926,997.080017
2009-08-07,20.468794,1010.4799800000001
2009-08-10,20.371098,1007.099976
2009-08-11,20.137358,994.349976
2009-08-12,20.444059,1005.8099980000001
2009-08-13,20.82868,1012.7299800000001
2009-08-14,20.62586,1004.090027
2009-08-17,19.736664,979.7299800000001
2009-08-18,20.282049,989.669983
2009-08-19,20.356253,996.4600220000001
2009-08-20,20.570207999999997,1007.3699949999999
2009-08-21,20.927612,1026.130005
2009-08-24,20.907830999999998,1025.569946
2009-08-25,20.949876999999997,1028.0
2009-08-26,20.703770000000002,1028.119995
2009-08-27,20.956059,1030.97998
2009-08-28,21.030260000000002,1028.930054
2009-08-31,20.802713,1020.6199949999999
2009-09-01,20.442825,998.0399779999999
2009-09-02,20.427989999999998,994.75
2009-09-03,20.597416,1003.23999
2009-09-04,21.062418,1016.400024
2009-09-08,21.38644,1025.390015
2009-09-09,21.165066,1033.369995
2009-09-10,21.340673000000002,1044.140015
2009-09-11,21.29121,1042.72998
2009-09-14,21.484138,1049.339966
2009-09-15,21.662218,1052.630005
2009-09-16,22.492051999999997,1068.76001
2009-09-17,22.823492,1065.48999
2009-09-18,22.88162,1068.300049
2009-09-21,22.75795,1064.660034
2009-09-22,22.814838,1071.660034
2009-09-23,22.940983,1060.869995
2009-09-24,22.733213,1050.780029
2009-09-25,22.55389,1044.380005
2009-09-28,23.021366,1062.97998
2009-09-29,22.92614,1060.609985
2009-09-30,22.92243,1057.079956
2009-10-01,22.367144,1029.849976
2009-10-02,22.866777,1025.209961
2009-10-05,23.005292999999998,1040.459961
2009-10-06,23.498735,1054.719971
2009-10-07,23.528416,1057.579956
2009-10-08,23.407223000000002,1065.47998
2009-10-09,23.555622,1071.48999
2009-10-12,23.597675,1076.189941
2009-10-13,23.499971,1073.189941
2009-10-14,23.657038,1092.02002
2009-10-15,23.566757,1096.560059
2009-10-16,23.256342,1087.680054
2009-10-19,23.480186,1097.910034
2009-10-20,24.580854000000002,1091.060059
2009-10-21,25.342674,1081.400024
2009-10-22,25.377306,1092.910034
2009-10-23,25.221478,1079.599976
2009-10-26,25.040916,1066.949951
2009-10-27,24.408958,1063.410034
2009-10-28,23.794311999999998,1042.630005
2009-10-29,24.282812,1066.109985
2009-10-30,23.311996,1036.189941
2009-11-02,23.412172,1042.880005
2009-11-03,23.342916,1045.410034
2009-11-04,23.597675,1046.5
2009-11-05,23.995897,1066.630005
2009-11-06,24.034229,1069.300049
2009-11-09,24.914773999999998,1093.079956
2009-11-10,25.102751,1093.01001
2009-11-11,25.136141000000002,1098.51001
2009-11-12,24.980318,1087.23999
2009-11-13,25.284544,1093.47998
2009-11-16,25.554153,1109.300049
2009-11-17,25.599911,1110.319946
2009-11-18,25.471292000000002,1109.800049
2009-11-19,24.797285000000002,1094.900024
2009-11-20,24.724318,1091.380005
2009-11-23,25.461395,1106.23999
2009-11-24,25.283312,1105.650024
2009-11-25,25.252392,1110.630005
2009-11-27,24.807182,1091.48999
2009-11-30,24.723078,1095.630005
2009-12-01,24.359488,1108.859985
2009-12-02,24.267975,1109.23999
2009-12-03,24.298895,1099.920044
2009-12-04,23.908087,1105.97998
2009-12-07,23.367653,1103.25
2009-12-08,23.481420999999997,1091.939941
2009-12-09,24.462132999999998,1095.949951
2009-12-10,24.292704,1102.349976
2009-12-11,24.075047,1106.410034
2009-12-14,24.360725,1114.109985
2009-12-15,24.013208,1107.930054
2009-12-16,24.11956,1109.180054
2009-12-17,23.727531,1096.079956
2009-12-18,24.169037,1102.469971
2009-12-21,24.51531,1114.050049
2009-12-22,24.778732,1118.02002
2009-12-23,24.993919,1120.589966
2009-12-24,25.852201,1126.47998
2009-12-28,26.170030999999998,1127.780029
2009-12-29,25.859617,1126.199951
2009-12-30,26.173737,1126.420044
2009-12-31,26.061204999999998,1115.099976
2010-01-04,26.466834999999996,1132.98999
2010-01-05,26.512596000000002,1136.52002
2010-01-06,26.090879,1137.140015
2010-01-07,26.042645999999998,1141.689941
2010-01-08,26.215785999999998,1144.97998
2010-01-11,25.984528,1146.97998
2010-01-12,25.688945999999998,1136.219971
2010-01-13,26.051304000000002,1145.680054
2010-01-14,25.900436,1148.459961
2010-01-15,25.467582999999998,1136.030029
2010-01-19,26.594227000000004,1150.22998
2010-01-20,26.18487,1138.040039
2010-01-21,25.732232999999997,1116.47998
2010-01-22,24.455948,1091.76001
2010-01-25,25.113882,1096.780029
2010-01-26,25.468813,1092.170044
2010-01-27,25.708735,1097.5
2010-01-28,24.646406,1084.530029
2010-01-29,23.752270000000003,1073.869995
2010-02-01,24.082464,1089.189941
2010-02-02,24.222212,1103.319946
2010-02-03,24.638979,1097.280029
2010-02-04,23.751026,1063.109985
2010-02-05,24.172745000000003,1066.189941
2010-02-08,24.007026999999997,1056.73999
2010-02-09,24.263025,1070.52002
2010-02-10,24.130701000000002,1068.130005
2010-02-11,24.569729000000002,1078.469971
2010-02-12,24.781204000000002,1075.51001
2010-02-16,25.154692,1094.869995
2010-02-17,25.049570000000003,1099.51001
2010-02-18,25.096560999999998,1106.75
2010-02-19,24.940742,1109.170044
2010-02-22,24.78616,1108.01001
2010-02-23,24.370621,1094.599976
2010-02-24,24.815835999999997,1105.23999
2010-02-25,24.981554,1102.939941
2010-02-26,25.305573000000003,1104.48999
2010-03-01,25.846011999999998,1115.709961
2010-03-02,25.828703,1118.310059
2010-03-03,25.888061999999998,1118.790039
2010-03-04,26.058725,1122.969971
2010-03-05,27.077779999999997,1138.699951
2010-03-08,27.093854999999998,1138.5
2010-03-09,27.581120000000002,1140.449951
2010-03-10,27.806202000000003,1145.609985
2010-03-11,27.887825,1150.23999
2010-03-12,28.023863000000002,1149.98999
2010-03-15,27.682528,1150.51001
2010-03-16,27.757971,1159.459961
2010-03-17,27.717153999999997,1166.209961
2010-03-18,27.782703,1165.829956
2010-03-19,27.485895000000003,1159.900024
2010-03-22,27.795071000000004,1165.810059
2010-03-23,28.241524,1174.170044
2010-03-24,28.366425,1167.719971
2010-03-25,28.030043,1165.72998
2010-03-26,28.555645000000002,1166.589966
2010-03-29,28.739906,1173.219971
2010-03-30,29.167816,1173.27002
2010-03-31,29.0627,1169.430054
2010-04-01,29.182661,1178.099976
2010-04-05,29.494308,1187.439941
2010-04-06,29.624166,1189.439941
2010-04-07,29.755251,1182.449951
2010-04-08,29.674870000000002,1186.439941
2010-04-09,29.902428000000004,1194.369995
2010-04-12,29.964258,1196.47998
2010-04-13,29.981571000000002,1197.300049
2010-04-14,30.384733,1210.650024
2010-04-15,30.784204,1211.670044
2010-04-16,30.596218,1192.130005
2010-04-19,30.555408,1197.52002
2010-04-20,30.248701,1207.170044
2010-04-21,32.058018,1205.939941
2010-04-22,32.954624,1208.670044
2010-04-23,33.493832,1217.280029
2010-04-26,33.329353000000005,1212.050049
2010-04-27,32.406757,1183.709961
2010-04-28,32.352356,1191.359985
2010-04-29,33.222996,1206.780029
2010-04-30,32.289265,1186.689941
2010-05-03,32.939774,1202.26001
2010-05-04,31.991229999999998,1173.599976
2010-05-05,31.65855,1165.869995
2010-05-06,30.453995000000003,1128.150024
2010-05-07,29.169059999999998,1110.880005
2010-05-10,31.411213,1159.72998
2010-05-11,31.7241,1155.790039
2010-05-12,32.412945,1171.670044
2010-05-13,31.951658000000002,1157.439941
2010-05-14,31.390186,1135.680054
2010-05-17,31.439657,1136.939941
2010-05-18,31.209614000000002,1120.800049
2010-05-19,30.712471,1115.050049
2010-05-20,29.404034000000003,1071.589966
2010-05-21,29.967971999999996,1087.689941
2010-05-24,30.517066999999997,1073.650024
2010-05-25,30.326621999999997,1074.030029
2010-05-26,30.189339,1067.949951
2010-05-27,31.332062,1103.060059
2010-05-28,31.768622999999998,1089.410034
2010-06-01,32.25713,1070.709961
2010-06-02,32.642975,1098.380005
2010-06-03,32.540325,1102.829956
2010-06-04,31.654835,1064.880005
2010-06-07,31.034019,1050.469971
2010-06-08,30.834908000000002,1062.0
2010-06-09,30.076796,1055.689941
2010-06-10,30.980843,1086.839966
2010-06-11,31.351846999999996,1091.599976
2010-06-14,31.447088,1089.630005
2010-06-15,32.116135,1115.22998
2010-06-16,33.051083,1114.609985
2010-06-17,33.622452,1116.040039
2010-06-18,33.89452,1117.51001
2010-06-21,33.412212,1113.199951
2010-06-22,33.867309999999996,1095.310059
2010-06-23,33.51115,1092.040039
2010-06-24,33.267521,1073.689941
2010-06-25,32.983074,1076.76001
2010-06-28,33.180943,1074.569946
2010-06-29,31.680811,1041.23999
2010-06-30,31.106989000000002,1030.709961
2010-07-01,30.729792,1027.369995
2010-07-02,30.539333000000003,1022.580017
2010-07-06,30.748334999999997,1028.060059
2010-07-07,31.989984999999997,1060.27002
2010-07-08,31.918266,1070.25
2010-07-09,32.107479,1077.959961
2010-07-12,31.819332,1078.75
2010-07-13,31.140364,1095.339966
2010-07-14,31.255391999999997,1095.170044
2010-07-15,31.097084000000002,1096.47998
2010-07-16,30.905407,1064.880005
2010-07-19,30.371145000000002,1071.25
2010-07-20,31.151503,1083.47998
2010-07-21,31.442121999999998,1069.589966
2010-07-22,32.033283000000004,1093.670044
2010-07-23,32.147045,1102.660034
2010-07-26,32.06543,1115.01001
2010-07-27,32.659046000000004,1113.839966
2010-07-28,32.27319,1106.130005
2010-07-29,31.920740000000002,1101.530029
2010-07-30,31.814383000000003,1101.599976
2010-08-02,32.383263,1125.859985
2010-08-03,32.393153999999996,1120.459961
2010-08-04,32.523029,1127.23999
2010-08-05,32.364719,1125.810059
2010-08-06,32.165603999999995,1121.640015
2010-08-09,32.370895000000004,1127.790039
2010-08-10,32.081516,1121.060059
2010-08-11,30.941259000000002,1089.469971
2010-08-12,31.139136999999998,1083.609985
2010-08-13,30.806463,1079.25
2010-08-16,30.625906,1079.380005
2010-08-17,31.1614,1092.540039
2010-08-18,31.29743,1094.160034
2010-08-19,30.902927000000002,1075.630005
2010-08-20,30.873240000000003,1071.689941
2010-08-23,30.398338,1067.359985
2010-08-24,29.672397999999998,1051.869995
2010-08-25,30.038466999999997,1055.329956
2010-08-26,29.715677000000003,1047.219971
2010-08-27,29.881396999999996,1064.589966
2010-08-30,29.990227,1048.920044
2010-08-31,30.064435999999997,1049.329956
2010-09-01,30.958571999999997,1080.290039
2010-09-02,31.186125,1090.099976
2010-09-03,32.002354,1104.51001
2010-09-07,31.883636,1091.839966
2010-09-08,32.515609999999995,1098.869995
2010-09-09,32.534145,1104.180054
2010-09-10,32.576195,1109.550049
2010-09-13,33.02512,1121.900024
2010-09-14,33.151253000000004,1121.099976
2010-09-15,33.418403999999995,1125.069946
2010-09-16,34.203705,1124.660034
2010-09-17,34.055305,1125.589966
2010-09-20,35.027351,1142.709961
2010-09-21,35.094143,1139.780029
2010-09-22,35.586349,1134.280029
2010-09-23,35.73103,1124.829956
2010-09-24,36.151516,1148.670044
2010-09-27,36.008068,1142.160034
2010-09-28,35.476269,1147.699951
2010-09-29,35.539349,1144.72998
2010-09-30,35.09166,1141.199951
2010-10-01,34.939545,1146.23999
2010-10-04,34.459702,1137.030029
2010-10-05,35.733513,1160.75
2010-10-06,35.764439,1159.969971
2010-10-07,35.768143,1158.060059
2010-10-08,36.367954,1165.150024
2010-10-11,36.527481,1165.319946
2010-10-12,36.920757,1169.77002
2010-10-13,37.118629,1178.099976
2010-10-14,37.387001,1173.810059
2010-10-15,38.924232,1176.189941
2010-10-18,39.3274,1184.709961
2010-10-19,38.27496,1165.900024
2010-10-20,38.40358,1178.170044
2010-10-21,38.278667,1180.26001
2010-10-22,38.025139,1183.079956
2010-10-25,38.194569,1185.619995
2010-10-26,38.096863,1185.640015
2010-10-27,38.069653,1182.449951
2010-10-28,37.749355,1183.780029
2010-10-29,37.222515,1183.26001
2010-11-01,37.618259,1184.380005
2010-11-02,38.258869,1193.569946
2010-11-03,38.684298999999996,1197.959961
2010-11-04,39.360783000000005,1221.060059
2010-11-05,39.219809999999995,1225.849976
2010-11-08,39.404072,1223.25
2010-11-09,39.089946999999995,1213.400024
2010-11-10,39.331103999999996,1218.709961
2010-11-11,39.160441999999996,1213.540039
2010-11-12,38.094390999999995,1199.209961
2010-11-15,37.971965999999995,1197.75
2010-11-16,37.297951,1178.339966
2010-11-17,37.163139,1178.589966
2010-11-18,38.143871000000004,1196.689941
2010-11-19,37.933628000000006,1199.72998
2010-11-22,38.753555,1197.839966
2010-11-23,38.180965,1180.72998
2010-11-24,38.931641,1198.349976
2010-11-26,38.956387,1189.400024
2010-11-29,39.187645,1187.76001
2010-11-30,38.480263,1180.550049
2010-12-01,39.129532,1206.069946
2010-12-02,39.345946999999995,1221.530029
2010-12-03,39.258148,1224.709961
2010-12-06,39.593284999999995,1223.119995
2010-12-07,39.353374,1223.75
2010-12-08,39.699638,1228.280029
2010-12-09,39.545059,1233.0
2010-12-10,39.643997,1240.400024
2010-12-13,39.781277,1240.459961
2010-12-14,39.610603000000005,1241.589966
2010-12-15,39.619251,1235.22998
2010-12-16,39.729332,1242.869995
2010-12-17,39.650185,1243.910034
2010-12-20,39.848045,1247.079956
2010-12-21,40.094151000000004,1254.599976
2010-12-22,40.212875,1258.839966
2010-12-23,40.019943,1256.77002
2010-12-27,40.153526,1257.540039
2010-12-28,40.251225,1258.51001
2010-12-29,40.228962,1259.780029
2010-12-30,40.02737,1257.880005
2010-12-31,39.891342,1257.640015
2011-01-03,40.758278000000004,1271.869995
2011-01-04,40.970993,1270.199951
2011-01-05,41.306126,1276.560059
2011-01-06,41.272743,1273.849976
2011-01-07,41.568314,1271.5
2011-01-10,42.351151,1269.75
2011-01-11,42.250977,1274.47998
2011-01-12,42.594788,1285.959961
2011-01-13,42.750609999999995,1283.76001
2011-01-14,43.096882,1293.23999
2011-01-18,42.128551,1295.02002
2011-01-19,41.904705,1281.920044
2011-01-20,41.142883000000005,1280.26001
2011-01-21,40.405803999999996,1283.349976
2011-01-24,41.732791999999996,1290.839966
2011-01-25,42.221302,1291.180054
2011-01-26,42.524296,1296.630005
2011-01-27,42.445145000000004,1299.540039
2011-01-28,41.565841999999996,1276.339966
2011-01-31,41.964069,1286.119995
2011-02-01,42.670215999999996,1307.589966
2011-02-02,42.58242,1304.030029
2011-02-03,42.473591,1307.099976
2011-02-04,42.852013,1310.869995
2011-02-07,43.517361,1319.050049
2011-02-08,43.927963,1324.569946
2011-02-09,44.294018,1320.880005
2011-02-10,43.846340000000005,1321.869995
2011-02-11,44.132027,1329.150024
2011-02-14,44.420162,1332.319946
2011-02-15,44.509215999999995,1328.01001
2011-02-16,44.908665,1336.319946
2011-02-17,44.311333000000005,1340.430054
2011-02-18,43.354118,1343.01001
2011-02-22,41.876259000000005,1315.439941
2011-02-23,42.372184999999995,1307.400024
2011-02-24,42.404331,1306.099976
2011-02-25,43.057316,1319.880005
2011-02-28,43.681858,1327.219971
2011-03-01,43.199551,1306.329956
2011-03-02,43.54705,1308.439941
2011-03-03,44.467155,1330.969971
2011-03-04,44.521584000000004,1321.150024
2011-03-07,43.947746,1310.130005
2011-03-08,43.997223,1321.819946
2011-03-09,43.590332000000004,1320.02002
2011-03-10,42.873047,1295.109985
2011-03-11,43.530972,1304.280029
2011-03-14,43.725136,1296.390015
2011-03-15,42.719685,1281.869995
2011-03-16,40.812687,1256.880005
2011-03-17,41.385277,1273.719971
2011-03-18,40.894302,1279.209961
2011-03-21,41.961586,1298.380005
2011-03-22,42.196568,1293.77002
2011-03-23,41.947987,1297.540039
2011-03-24,42.662811,1309.660034
2011-03-25,43.475327,1313.800049
2011-03-28,43.339283,1310.189941
2011-03-29,43.403591,1319.439941
2011-03-30,43.115456,1328.26001
2011-03-31,43.100601,1325.829956
2011-04-01,42.612103000000005,1332.410034
2011-04-04,42.195332,1332.869995
2011-04-05,41.910877,1332.630005
2011-04-06,41.805752000000005,1335.540039
2011-04-07,41.810707,1333.51001
2011-04-08,41.437222,1328.170044
2011-04-11,40.910381,1324.459961
2011-04-12,41.108269,1314.160034
2011-04-13,41.569561,1314.410034
2011-04-14,41.110729,1314.52002
2011-04-15,40.497334,1319.680054
2011-04-18,41.040240999999995,1305.140015
2011-04-19,41.783489,1312.619995
2011-04-20,42.346214,1330.359985
2011-04-21,43.371437,1337.380005
2011-04-25,43.657127,1335.25
2011-04-26,43.336811,1347.23999
2011-04-27,43.303425,1355.660034
2011-04-28,42.882938,1360.47998
2011-04-29,43.300945,1363.609985
2011-05-02,42.824818,1361.219971
2011-05-03,43.062275,1356.619995
2011-05-04,43.231685999999996,1347.319946
2011-05-05,42.882938,1335.099976
2011-05-06,42.871821999999995,1340.199951
2011-05-09,42.988056,1346.290039
2011-05-10,43.216854,1357.160034
2011-05-11,42.94231,1342.079956
2011-05-12,42.86068,1348.650024
2011-05-13,42.109984999999995,1337.77002
2011-05-16,41.219566,1329.469971
2011-05-17,41.570786,1328.97998
2011-05-18,42.032082,1340.680054
2011-05-19,42.113696999999995,1343.599976
2011-05-20,41.457008,1333.27002
2011-05-23,41.355602000000005,1317.369995
2011-05-24,41.082294,1316.280029
2011-05-25,41.649929,1320.469971
2011-05-26,41.429794,1325.689941
2011-05-27,41.727859,1331.099976
2011-05-31,43.016495,1345.199951
2011-06-01,42.729584,1314.550049
2011-06-02,42.80254,1312.939941
2011-06-03,42.473591,1300.160034
2011-06-06,41.805752000000005,1286.170044
2011-06-07,41.063732,1284.939941
2011-06-08,41.088474,1279.560059
2011-06-09,40.995715999999994,1289.0
2011-06-10,40.304398,1270.97998
2011-06-13,40.390961,1271.829956
2011-06-14,41.113205,1287.869995
2011-06-15,40.409512,1265.420044
2011-06-16,40.212875,1267.640015
2011-06-17,39.606884,1271.5
2011-06-20,38.995956,1278.359985
2011-06-21,40.230194,1295.52002
2011-06-22,39.897514,1287.140015
2011-06-23,40.963558,1283.5
2011-06-24,40.36005,1268.449951
2011-06-27,41.063732,1280.099976
2011-06-28,41.46196,1296.670044
2011-06-29,41.311077000000004,1307.410034
2011-06-30,41.512661,1320.640015
2011-07-01,42.451332,1339.670044
2011-07-05,43.214375,1337.880005
2011-07-06,43.502525,1339.219971
2011-07-07,44.175301,1353.219971
2011-07-08,44.485714,1343.800049
2011-07-11,43.779568,1319.48999
2011-07-12,43.748634,1313.640015
2011-07-13,44.276707,1317.719971
2011-07-14,44.245792,1308.869995
2011-07-15,45.130054,1316.140015
2011-07-18,46.228241,1305.439941
2011-07-19,46.605438,1326.72998
2011-07-20,47.848339,1325.839966
2011-07-21,47.896568,1343.800049
2011-07-22,48.639839,1345.02002
2011-07-25,49.282921,1337.430054
2011-07-26,49.890137,1331.939941
2011-07-27,48.552017,1304.890015
2011-07-28,48.456799,1300.670044
2011-07-29,48.291065,1292.280029
2011-08-01,49.066497999999996,1286.939941
2011-08-02,48.096911999999996,1254.050049
2011-08-03,48.549541,1260.339966
2011-08-04,46.669743,1200.069946
2011-08-05,46.205975,1199.380005
2011-08-08,43.681858,1119.459961
2011-08-09,46.254219,1172.530029
2011-08-10,44.977917,1120.76001
2011-08-11,46.215874,1172.640015
2011-08-12,46.622749,1178.810059
2011-08-15,47.416717999999996,1204.48999
2011-08-16,47.054371,1192.76001
2011-08-17,47.049416,1193.890015
2011-08-18,45.269787,1140.650024
2011-08-19,44.030621000000004,1123.530029
2011-08-22,44.081306,1123.819946
2011-08-23,46.203509999999994,1162.349976
2011-08-24,46.522579,1177.599976
2011-08-25,46.218342,1159.27002
2011-08-26,47.437740000000005,1176.800049
2011-08-29,48.227996999999995,1210.079956
2011-08-30,48.23048,1212.920044
2011-08-31,47.592335,1218.890015
2011-09-01,47.122391,1204.420044
2011-09-02,46.259155,1173.969971
2011-09-06,46.962841,1165.23999
2011-09-07,47.481033000000004,1198.619995
2011-09-08,47.507008,1185.900024
2011-09-09,46.68335,1154.22998
2011-09-12,46.987572,1162.27002
2011-09-13,47.566364,1172.869995
2011-09-14,48.145142,1188.680054
2011-09-15,48.59779,1209.109985
2011-09-16,49.530254,1216.01001
2011-09-19,50.906712,1204.089966
2011-09-20,51.131794,1202.089966
2011-09-21,50.969795,1166.76001
2011-09-22,49.693508,1129.560059
2011-09-23,50.000209999999996,1136.430054
2011-09-26,49.860462,1162.949951
2011-09-27,49.3769,1175.380005
2011-09-28,49.098644,1151.060059
2011-09-29,48.3022,1160.400024
2011-09-30,47.158245,1131.420044
2011-10-03,46.327175,1099.22998
2011-10-04,46.067471000000005,1123.949951
2011-10-05,46.778584,1144.030029
2011-10-06,46.669743,1164.969971
2011-10-07,45.733554999999996,1155.459961
2011-10-10,48.084548999999996,1194.890015
2011-10-11,49.504288,1195.540039
2011-10-12,49.739258,1207.25
2011-10-13,50.510963000000004,1203.660034
2011-10-14,52.189182,1224.579956
2011-10-17,51.940616999999996,1200.859985
2011-10-18,52.218872,1225.380005
2011-10-19,49.297752,1209.880005
2011-10-20,48.88839,1215.390015
2011-10-21,48.586658,1238.25
2011-10-24,50.182007,1254.189941
2011-10-25,49.192642,1229.050049
2011-10-26,49.542629,1242.0
2011-10-27,50.048446999999996,1284.589966
2011-10-28,50.080601,1285.089966
2011-10-31,50.059574,1253.300049
2011-11-01,49.036808,1218.280029
2011-11-02,49.148113,1237.900024
2011-11-03,49.848099,1261.150024
2011-11-04,49.498108,1253.22998
2011-11-07,49.43502,1261.119995
2011-11-08,50.238895,1275.920044
2011-11-09,48.884686,1229.099976
2011-11-10,47.64056,1239.699951
2011-11-11,47.566364,1263.849976
2011-11-14,46.903492,1251.780029
2011-11-15,48.087025,1257.810059
2011-11-16,47.584903999999995,1236.910034
2011-11-17,46.674698,1216.130005
2011-11-18,46.369225,1215.650024
2011-11-21,45.635864,1192.97998
2011-11-22,46.563393,1188.040039
2011-11-23,45.386036,1161.790039
2011-11-25,44.963081,1158.670044
2011-11-28,46.515156,1192.550049
2011-11-29,46.154041,1195.189941
2011-11-30,47.267067,1246.959961
2011-12-01,47.975708000000004,1244.579956
2011-12-02,48.194618,1244.280029
2011-12-05,48.603958,1257.079956
2011-12-06,48.349205,1258.469971
2011-12-07,48.119171,1261.01001
2011-12-08,48.313334999999995,1234.349976
2011-12-09,48.679404999999996,1255.189941
2011-12-12,48.459263,1236.469971
2011-12-13,48.084548999999996,1225.72998
2011-12-14,47.018505,1211.819946
2011-12-15,46.863921999999995,1215.75
2011-12-16,47.121143,1219.660034
2011-12-19,47.268322,1205.349976
2011-12-20,48.967566999999995,1241.300049
2011-12-21,49.0294,1243.719971
2011-12-22,49.289097,1254.0
2011-12-23,49.880241,1265.329956
2011-12-27,50.275993,1265.430054
2011-12-28,49.794914,1249.640015
2011-12-29,50.101627,1263.02002
2011-12-30,50.086784,1257.599976
2012-01-03,50.857234999999996,1277.060059
2012-01-04,51.130558,1277.300049
2012-01-05,51.698215000000005,1281.060059
2012-01-06,52.238651000000004,1277.810059
2012-01-09,52.155792,1280.699951
2012-01-10,52.342537,1292.079956
2012-01-11,52.257195,1292.47998
2012-01-12,52.113747,1295.5
2012-01-13,51.918343,1289.089966
2012-01-17,52.523098,1293.670044
2012-01-18,53.068489,1308.040039
2012-01-19,52.900303,1314.5
2012-01-20,51.978935,1315.380005
2012-01-23,52.858245999999994,1316.0
2012-01-24,51.99255,1314.650024
2012-01-25,55.238914,1326.060059
2012-01-26,54.987857999999996,1318.430054
2012-01-27,55.31558199999999,1316.329956
2012-01-30,56.024223,1313.01001
2012-01-31,56.453357999999994,1312.410034
2012-02-01,56.417503,1324.089966
2012-02-02,56.285168000000006,1325.540039
2012-02-03,56.849113,1344.900024
2012-02-06,57.379661999999996,1344.329956
2012-02-07,57.98069399999999,1347.050049
2012-02-08,58.9515,1349.959961
2012-02-09,60.990883,1351.949951
2012-02-10,61.021763,1342.640015
2012-02-13,62.157066,1351.77002
2012-02-14,63.005447,1350.5
2012-02-15,61.547375,1343.22998
2012-02-16,62.108814,1358.040039
2012-02-17,62.09771,1361.22998
2012-02-21,63.672047,1362.209961
2012-02-22,63.4482,1357.660034
2012-02-23,63.862494999999996,1363.459961
2012-02-24,64.60701,1365.73999
2012-02-27,65.021309,1367.589966
2012-02-28,66.214722,1372.180054
2012-02-29,67.084114,1365.680054
2012-03-01,67.335175,1374.089966
2012-03-02,67.42298100000001,1369.630005
2012-03-05,65.93647,1364.329956
2012-03-06,65.577812,1343.359985
2012-03-07,65.630989,1352.630005
2012-03-08,67.028465,1365.910034
2012-03-09,67.421776,1370.869995
2012-03-12,68.266411,1371.089966
2012-03-13,70.25750699999999,1395.949951
2012-03-14,72.913986,1394.280029
2012-03-15,72.41681700000001,1402.599976
2012-03-16,72.418053,1404.170044
2012-03-19,74.338669,1409.75
2012-03-20,74.939705,1405.52002
2012-03-21,74.51181,1402.890015
2012-03-22,74.12101700000001,1392.780029
2012-03-23,73.714111,1397.109985
2012-03-26,75.065872,1416.51001
2012-03-27,75.993385,1412.52002
2012-03-28,76.381721,1405.540039
2012-03-29,75.422028,1403.280029
2012-03-30,74.146996,1408.469971
2012-04-02,76.50663,1419.040039
2012-04-03,77.82866700000001,1413.380005
2012-04-04,77.209068,1398.959961
2012-04-05,78.367867,1398.079956
2012-04-09,78.683235,1382.199951
2012-04-10,77.719849,1358.589966
2012-04-11,77.442818,1368.709961
2012-04-12,77.01863900000001,1387.569946
2012-04-13,74.849457,1370.26001
2012-04-16,71.745285,1369.569946
2012-04-17,75.402229,1390.780029
2012-04-18,75.234032,1385.140015
2012-04-19,72.649338,1376.920044
2012-04-20,70.861046,1378.530029
2012-04-23,70.702736,1366.939941
2012-04-24,69.290413,1371.969971
2012-04-25,75.439346,1390.689941
2012-04-26,75.1549,1399.97998
2012-04-27,74.573639,1403.359985
2012-04-30,72.221428,1397.910034
2012-05-01,71.99263,1405.819946
2012-05-02,72.468765,1402.310059
2012-05-03,71.95429200000001,1391.569946
2012-05-04,69.905052,1369.099976
2012-05-07,70.428207,1369.579956
2012-05-08,70.26741,1363.719971
2012-05-09,70.39109,1354.579956
2012-05-10,70.556816,1357.98999
2012-05-11,70.085617,1353.390015
2012-05-14,69.03566,1338.349976
2012-05-15,68.41111,1330.660034
2012-05-16,67.534286,1324.800049
2012-05-17,65.560509,1304.859985
2012-05-18,65.592659,1295.219971
2012-05-21,69.414101,1315.98999
2012-05-22,68.881065,1316.630005
2012-05-23,70.561768,1318.859985
2012-05-24,69.91373399999999,1320.680054
2012-05-25,69.53899399999999,1317.819946
2012-05-29,70.77325400000001,1332.420044
2012-05-30,71.626579,1313.319946
2012-05-31,71.44845600000001,1310.329956
2012-06-01,69.378235,1278.040039
2012-06-04,69.786331,1278.180054
2012-06-05,69.605789,1285.5
2012-06-06,70.67308,1315.130005
2012-06-07,70.7052,1314.98999
2012-06-08,71.768784,1325.660034
2012-06-11,70.637215,1308.930054
2012-06-12,71.254295,1324.180054
2012-06-13,70.759613,1314.880005
2012-06-14,70.681709,1329.099976
2012-06-15,71.003258,1342.839966
2012-06-18,72.444016,1344.780029
2012-06-19,72.64563000000001,1357.97998
2012-06-20,72.439079,1355.689941
2012-06-21,71.441055,1325.51001
2012-06-22,71.98893000000001,1335.02002
2012-06-25,70.58773000000001,1313.719971
2012-06-26,70.743546,1319.98999
2012-06-27,71.049019,1331.849976
2012-06-28,70.375008,1329.040039
2012-06-29,72.2239,1362.160034
2012-07-02,73.277565,1365.51001
2012-07-03,74.129662,1374.02002
2012-07-05,75.43190799999999,1367.579956
2012-07-06,74.929825,1354.680054
2012-07-09,75.920433,1352.459961
2012-07-10,75.217979,1341.469971
2012-07-11,74.750511,1341.449951
2012-07-12,74.066574,1334.76001
2012-07-13,74.817261,1356.780029
2012-07-16,75.05720500000001,1353.640015
2012-07-17,75.060905,1363.670044
2012-07-18,74.97683,1372.780029
2012-07-19,75.973618,1376.51001
2012-07-20,74.734436,1362.660034
2012-07-23,74.676285,1350.52002
2012-07-24,74.316422,1338.310059
2012-07-25,71.107155,1337.890015
2012-07-26,71.096016,1360.02002
2012-07-27,72.36734,1385.969971
2012-07-30,73.58800500000001,1385.300049
2012-07-31,75.533325,1379.319946
2012-08-01,75.044838,1375.319946
2012-08-02,75.166046,1365.0
2012-08-03,76.144272,1390.98999
2012-08-06,76.99140899999999,1394.22998
2012-08-07,76.788589,1401.349976
2012-08-08,76.658752,1402.219971
2012-08-09,77.095924,1402.800049
2012-08-10,77.216408,1405.869995
2012-08-13,78.247292,1404.109985
2012-08-14,78.457176,1403.930054
2012-08-15,78.350349,1405.530029
2012-08-16,79.03473699999999,1415.51001
2012-08-17,80.49659,1418.160034
2012-08-20,82.61299100000001,1418.130005
2012-08-21,81.48397800000001,1413.170044
2012-08-22,83.07502,1413.48999
2012-08-23,82.299995,1402.079956
2012-08-24,82.373276,1411.130005
2012-08-27,83.920822,1410.439941
2012-08-28,83.811516,1409.300049
2012-08-29,83.64634699999999,1410.48999
2012-08-30,82.454002,1399.47998
2012-08-31,82.62416800000001,1406.579956
2012-09-04,83.832657,1404.939941
2012-09-05,83.243935,1403.439941
2012-09-06,83.99413299999999,1432.119995
2012-09-07,84.512062,1437.920044
2012-09-10,82.31366,1429.079956
2012-09-11,82.046638,1433.560059
2012-09-12,83.189293,1436.560059
2012-09-13,84.827507,1459.98999
2012-09-14,85.858398,1465.77002
2012-09-17,86.914085,1461.189941
2012-09-18,87.17865,1459.319946
2012-09-19,87.202278,1461.050049
2012-09-20,86.779953,1460.26001
2012-09-21,86.952637,1460.150024
2012-09-24,85.797539,1456.890015
2012-09-25,83.655052,1441.589966
2012-09-26,82.616745,1433.319946
2012-09-27,84.62133,1447.150024
2012-09-28,82.855186,1440.670044
2012-10-01,81.897568,1444.48999
2012-10-02,82.136055,1445.75
2012-10-03,83.395477,1450.98999
2012-10-04,82.817886,1461.400024
2012-10-05,81.05301700000001,1460.930054
2012-10-08,79.262016,1455.880005
2012-10-09,78.973854,1441.47998
2012-10-10,79.60234799999999,1432.560059
2012-10-11,78.011299,1432.839966
2012-10-12,78.21126600000001,1428.589966
2012-10-15,78.838493,1440.130005
2012-10-16,80.705238,1454.920044
2012-10-17,80.061859,1460.910034
2012-10-18,78.575172,1457.339966
2012-10-19,75.743378,1433.189941
2012-10-22,78.74781,1433.819946
2012-10-23,76.180557,1413.109985
2012-10-24,76.61155699999999,1408.75
2012-10-25,75.70611600000001,1412.969971
2012-10-26,75.01804399999999,1411.939941
2012-10-31,73.939964,1412.160034
2012-11-01,74.091492,1427.589966
2012-11-02,71.63974,1414.199951
2012-11-05,72.611008,1417.26001
2012-11-06,72.39115100000001,1428.390015
2012-11-07,69.62129200000001,1394.530029
2012-11-08,67.09468100000001,1377.51001
2012-11-09,68.256302,1379.849976
2012-11-12,67.728531,1380.030029
2012-11-13,67.737251,1374.530029
2012-11-14,66.986145,1355.48999
2012-11-15,65.581261,1353.329956
2012-11-16,65.838257,1359.880005
2012-11-19,70.585739,1386.890015
2012-11-20,69.984367,1387.810059
2012-11-21,70.082916,1391.030029
2012-11-23,71.305679,1409.150024
2012-11-26,73.55526,1406.290039
2012-11-27,72.962601,1398.939941
2012-11-28,72.733009,1409.930054
2012-11-29,73.534042,1415.949951
2012-11-30,73.02499399999999,1416.180054
2012-12-03,73.13851899999999,1409.459961
2012-12-04,71.848396,1407.050049
2012-12-05,67.224457,1409.280029
2012-12-06,68.278755,1413.939941
2012-12-07,66.533249,1418.069946
2012-12-10,66.10528599999999,1418.550049
2012-12-11,67.548859,1427.839966
2012-12-12,67.250648,1428.47998
2012-12-13,66.089035,1419.449951
2012-12-14,63.606129,1413.579956
2012-12-17,64.734062,1430.359985
2012-12-18,66.614326,1446.790039
2012-12-19,65.667343,1435.810059
2012-12-20,65.095894,1443.689941
2012-12-21,64.79645500000001,1430.150024
2012-12-24,64.901253,1426.660034
2012-12-26,64.006668,1419.829956
2012-12-27,64.263687,1418.099976
2012-12-28,63.581192,1402.430054
2012-12-31,66.398476,1426.189941
2013-01-02,68.50210600000001,1462.420044
2013-01-03,67.637436,1459.369995
2013-01-04,65.75341800000001,1466.469971
2013-01-07,65.366646,1461.890015
2013-01-08,65.542587,1457.150024
2013-01-09,64.518211,1461.02002
2013-01-10,65.317978,1472.119995
2013-01-11,64.917465,1472.050049
2013-01-14,62.602996999999995,1470.680054
2013-01-15,60.627903,1472.339966
2013-01-16,63.144505,1472.630005
2013-01-17,62.719035999999996,1480.939941
2013-01-18,62.384659,1485.97998
2013-01-22,62.979813,1492.560059
2013-01-23,64.13266,1494.810059
2013-01-24,56.208576,1494.819946
2013-01-25,54.883522,1502.959961
2013-01-28,56.124973,1500.180054
2013-01-29,57.17804,1507.839966
2013-01-30,56.998371,1501.959961
2013-01-31,56.831168999999996,1498.109985
2013-02-01,56.597866,1513.170044
2013-02-04,55.187954000000005,1495.709961
2013-02-05,57.124386,1511.290039
2013-02-06,57.06323199999999,1512.119995
2013-02-07,58.759972,1509.390015
2013-02-08,59.608299,1517.930054
2013-02-11,60.229510999999995,1517.01001
2013-02-12,58.719791,1519.430054
2013-02-13,58.608109,1520.329956
2013-02-14,58.555386,1521.380005
2013-02-15,57.748447,1519.790039
2013-02-19,57.727118999999995,1530.939941
2013-02-20,56.329094,1511.949951
2013-02-21,55.978954,1502.420044
2013-02-22,56.575054,1515.599976
2013-02-25,55.569828,1487.849976
2013-02-26,56.344151000000004,1496.939941
2013-02-27,55.791965000000005,1515.98999
2013-02-28,55.394138,1514.680054
2013-03-01,54.022476,1518.199951
2013-03-04,52.71477900000001,1525.199951
2013-03-05,54.10654399999999,1539.790039
2013-03-06,53.418827,1541.459961
2013-03-07,54.036263,1544.26001
2013-03-08,54.17934399999999,1551.180054
2013-03-11,54.951145,1556.219971
2013-03-12,53.766449,1552.47998
2013-03-13,53.756413,1554.52002
2013-03-14,54.277225,1563.22998
2013-03-15,55.677765,1560.699951
2013-03-18,57.19125699999999,1552.099976
2013-03-19,57.036888,1548.339966
2013-03-20,56.734432,1558.709961
2013-03-21,56.81601,1545.800049
2013-03-22,57.968079,1556.890015
2013-03-25,58.177643,1551.689941
2013-03-26,57.871432999999996,1563.77002
2013-03-27,56.734432,1562.849976
2013-03-28,55.552261,1569.189941
2013-04-01,53.826682999999996,1562.170044
2013-04-02,53.937121999999995,1570.25
2013-04-03,54.213223,1553.689941
2013-04-04,53.677344999999995,1559.97998
2013-04-05,53.110110999999996,1553.280029
2013-04-08,53.487854000000006,1563.069946
2013-04-09,53.584476,1568.609985
2013-04-10,54.677567,1587.72998
2013-04-11,54.506878,1593.369995
2013-04-12,53.938385,1588.849976
2013-04-15,52.689701,1552.359985
2013-04-16,53.491623,1574.569946
2013-04-17,50.54998,1552.01001
2013-04-18,49.200882,1541.609985
2013-04-19,49.010135999999996,1555.25
2013-04-22,50.031677,1562.5
2013-04-23,50.967876000000004,1578.780029
2013-04-24,50.883793,1578.790039
2013-04-25,51.250248,1585.160034
2013-04-26,52.357132,1582.23999
2013-04-29,53.978531000000004,1593.609985
2013-04-30,55.567314,1597.569946
2013-05-01,55.129337,1582.699951
2013-05-02,55.911182,1597.589966
2013-05-03,56.470890000000004,1614.420044
2013-05-06,57.817474,1617.5
2013-05-07,57.560219,1625.959961
2013-05-08,58.210285,1632.689941
2013-05-09,57.702438,1626.670044
2013-05-10,57.222412,1633.699951
2013-05-13,57.445999,1633.77002
2013-05-14,56.07156,1650.339966
2013-05-15,54.175392,1658.780029
2013-05-16,54.89925,1650.469971
2013-05-17,54.732491,1667.469971
2013-05-20,55.954071,1666.290039
2013-05-21,55.540985,1669.160034
2013-05-22,55.754475,1655.349976
2013-05-23,55.854275,1650.51001
2013-05-24,56.234519999999996,1649.599976
2013-05-28,55.76585,1660.060059
2013-05-29,56.209255000000006,1648.359985
2013-05-30,57.046803000000004,1654.410034
2013-05-31,56.813087,1630.73999
2013-06-03,56.938175,1640.420044
2013-06-04,56.760036,1631.380005
2013-06-05,56.229465000000005,1608.900024
2013-06-06,55.38938100000001,1622.560059
2013-06-07,55.812583999999994,1643.380005
2013-06-10,55.443714,1642.810059
2013-06-11,55.28074599999999,1626.130005
2013-06-12,54.597328000000005,1612.52002
2013-06-13,55.073574,1636.359985
2013-06-14,54.326988,1626.72998
2013-06-17,54.573322,1639.040039
2013-06-18,54.544254,1651.810059
2013-06-19,53.436386,1628.930054
2013-06-20,52.658198999999996,1588.189941
2013-06-21,52.236267,1592.430054
2013-06-24,50.851711,1573.089966
2013-06-25,50.863079,1588.030029
2013-06-26,50.287056,1603.26001
2013-06-27,49.745098,1613.199951
2013-06-28,50.092499,1606.280029
2013-07-01,51.695586999999996,1614.959961
2013-07-02,52.866638,1614.079956
2013-07-03,53.158455000000004,1615.410034
2013-07-05,52.73146800000001,1631.890015
2013-07-08,52.432072,1640.459961
2013-07-09,53.354248,1652.319946
2013-07-10,53.149612,1652.619995
2013-07-11,53.97831,1675.02002
2013-07-12,53.879783999999994,1680.189941
2013-07-15,53.997268999999996,1682.5
2013-07-16,54.345928,1676.26001
2013-07-17,54.359821,1680.910034
2013-07-18,54.542999,1689.369995
2013-07-19,53.682716000000006,1692.089966
2013-07-22,53.854523,1695.530029
2013-07-23,52.929798,1692.390015
2013-07-24,55.648365000000005,1685.939941
2013-07-25,55.394459,1690.25
2013-07-26,55.709011,1691.6500239999998
2013-07-29,56.568024,1685.3299559999998
2013-07-30,57.266624,1685.959961
2013-07-31,57.166813,1685.72998
2013-08-01,57.691074,1706.869995
2013-08-02,58.431351,1709.6700440000002
2013-08-05,59.30426,1707.140015
2013-08-06,58.77370500000001,1697.369995
2013-08-07,58.739585999999996,1690.910034
2013-08-08,58.622601,1697.47998
2013-08-09,57.78841800000001,1691.4200440000002
2013-08-12,59.430077000000004,1689.469971
2013-08-13,62.254321999999995,1694.160034
2013-08-14,63.389858,1685.390015
2013-08-15,63.314845999999996,1661.319946
2013-08-16,63.876895999999995,1655.829956
2013-08-19,64.56485,1646.060059
2013-08-20,63.716694,1652.349976
2013-08-21,63.880703000000004,1642.800049
2013-08-22,63.95701999999999,1656.959961
2013-08-23,63.710319999999996,1663.5
2013-08-26,63.958282,1656.780029
2013-08-27,62.129695999999996,1630.47998
2013-08-28,62.423435,1634.959961
2013-08-29,62.525185,1638.170044
2013-08-30,61.955493999999995,1632.969971
2013-09-03,62.128437,1639.77002
2013-09-04,63.414024,1653.079956
2013-09-05,62.979126,1655.079956
2013-09-06,63.35425600000001,1655.170044
2013-09-09,64.365189,1671.709961
2013-09-10,62.899048,1683.9899899999998
2013-09-11,59.474585999999995,1689.130005
2013-09-12,60.107853000000006,1683.4200440000002
2013-09-13,59.117249,1687.9899899999998
2013-09-16,57.237801,1697.5999760000002
2013-09-17,57.899048,1704.7600100000002
2013-09-18,59.089291,1725.52002
2013-09-19,60.058243000000004,1722.339966
2013-09-20,59.436436,1709.910034
2013-09-23,62.390384999999995,1701.839966
2013-09-24,62.19455,1697.4200440000002
2013-09-25,61.231964000000005,1692.77002
2013-09-26,61.828327,1698.6700440000002
2013-09-27,61.387085,1691.75
2013-09-30,60.624092000000005,1681.550049
2013-10-01,62.049583,1695.0
2013-10-02,62.253032999999995,1693.869995
2013-10-03,61.471004,1678.660034
2013-10-04,61.422688,1690.5
2013-10-07,62.022884,1676.119995
2013-10-08,61.156918000000005,1655.449951
2013-10-09,61.875381000000004,1656.400024
2013-10-10,62.263222,1692.560059
2013-10-11,62.666332,1703.199951
2013-10-14,63.077061,1710.140015
2013-10-15,63.41275,1698.060059
2013-10-16,63.721764,1721.540039
2013-10-17,64.15284,1733.1500239999998
2013-10-18,64.711067,1744.5
2013-10-21,66.296791,1744.660034
2013-10-22,66.10730699999999,1754.6700440000002
2013-10-23,66.75456199999999,1746.380005
2013-10-24,67.638329,1752.069946
2013-10-25,66.881729,1759.77002
2013-10-28,67.380188,1762.109985
2013-10-29,65.701645,1771.949951
2013-10-30,66.746941,1763.310059
2013-10-31,66.467178,1756.540039
2013-11-01,66.127647,1761.640015
2013-11-04,66.982185,1767.930054
2013-11-05,66.816856,1762.969971
2013-11-06,66.62755600000001,1770.4899899999998
2013-11-07,65.549339,1747.1500239999998
2013-11-08,66.581512,1770.609985
2013-11-11,66.388367,1771.890015
2013-11-12,66.511169,1767.689941
2013-11-13,66.59045400000001,1782.0
2013-11-14,67.553589,1790.619995
2013-11-15,67.148125,1798.180054
2013-11-18,66.334671,1791.530029
2013-11-19,66.452324,1787.869995
2013-11-20,65.870377,1781.369995
2013-11-21,66.65570799999999,1795.8499760000002
2013-11-22,66.484314,1804.7600100000002
2013-11-25,66.988251,1802.47998
2013-11-26,68.223793,1802.75
2013-11-27,69.830276,1807.22998
2013-11-29,71.12335999999999,1805.810059
2013-12-02,70.50431800000001,1800.9000239999998
2013-12-03,72.434387,1795.1500239999998
2013-12-04,72.265556,1792.810059
2013-12-05,72.636475,1785.030029
2013-12-06,71.628578,1805.089966
2013-12-09,72.448471,1808.369995
2013-12-10,72.335892,1802.619995
2013-12-11,71.799973,1782.219971
2013-12-12,71.695114,1775.5
2013-12-13,70.913597,1775.319946
2013-12-16,71.306267,1786.540039
2013-12-17,70.98524499999999,1781.0
2013-12-18,70.445488,1810.6500239999998
2013-12-19,69.638412,1809.5999760000002
2013-12-20,70.221657,1818.319946
2013-12-23,72.91660300000001,1827.9899899999998
2013-12-24,72.607063,1833.319946
2013-12-26,72.12485500000001,1842.02002
2013-12-27,71.637535,1841.4000239999998
2013-12-30,70.92514,1841.069946
2013-12-31,71.756508,1848.359985
2014-01-02,70.74733,1831.97998
2014-01-03,69.193306,1831.369995
2014-01-06,69.570625,1826.77002
2014-01-07,69.073074,1837.880005
2014-01-08,69.510536,1837.4899899999998
2014-01-09,68.622864,1838.130005
2014-01-10,68.164963,1842.369995
2014-01-13,68.521805,1819.199951
2014-01-14,69.885277,1838.880005
2014-01-15,71.288383,1848.380005
2014-01-16,70.890602,1845.890015
2014-01-17,69.153648,1838.699951
2014-01-21,70.228043,1843.800049
2014-01-22,70.540138,1844.859985
2014-01-23,71.13744399999999,1828.459961
2014-01-24,69.84433,1790.290039
2014-01-27,70.410957,1781.560059
2014-01-28,64.78319499999999,1792.5
2014-01-29,64.047737,1774.199951
2014-01-30,63.923671999999996,1794.189941
2014-01-31,64.028564,1782.589966
2014-02-03,64.147514,1741.890015
2014-02-04,65.07609599999999,1755.199951
2014-02-05,65.562119,1751.640015
2014-02-06,65.944275,1773.430054
2014-02-07,66.866844,1797.02002
2014-02-10,68.064728,1799.839966
2014-02-11,68.961555,1819.75
2014-02-12,68.956413,1819.2600100000002
2014-02-13,70.051384,1829.8299559999998
2014-02-14,69.994781,1838.630005
2014-02-18,70.25212900000001,1840.7600100000002
2014-02-19,69.14299,1828.75
2014-02-20,68.342667,1839.780029
2014-02-21,67.583511,1836.25
2014-02-24,67.879448,1847.609985
2014-02-25,67.17306500000001,1845.119995
2014-02-26,66.56703900000001,1845.160034
2014-02-27,67.894882,1854.290039
2014-02-28,67.710892,1859.449951
2014-03-03,67.906464,1845.72998
2014-03-04,68.354248,1873.910034
2014-03-05,68.498352,1873.810059
2014-03-06,68.291168,1877.030029
2014-03-07,68.251305,1878.040039
2014-03-10,68.31306500000001,1877.1700440000002
2014-03-11,68.978279,1867.630005
2014-03-12,69.045181,1868.199951
2014-03-13,68.278328,1846.339966
2014-03-14,67.51146700000001,1841.130005
2014-03-17,67.775238,1858.8299559999998
2014-03-18,68.374832,1872.25
2014-03-19,68.356827,1860.77002
2014-03-20,68.027428,1872.0100100000002
2014-03-21,68.56395,1866.52002
2014-03-24,69.37715899999999,1857.439941
2014-03-25,70.123436,1865.619995
2014-03-26,69.453064,1852.560059
2014-03-27,69.154572,1849.040039
2014-03-28,69.077377,1857.619995
2014-03-31,69.061943,1872.339966
2014-04-01,69.69369499999999,1885.52002
2014-04-02,69.80948599999999,1890.9000239999998
2014-04-03,69.325684,1888.77002
2014-04-04,68.42887900000001,1865.089966
2014-04-07,67.3545,1845.040039
2014-04-08,67.350624,1851.959961
2014-04-09,68.235886,1872.180054
2014-04-10,67.355766,1833.0799559999998
2014-04-11,66.85781899999999,1815.689941
2014-04-14,67.124161,1830.609985
2014-04-15,66.645523,1842.97998
2014-04-16,66.780617,1862.310059
2014-04-17,67.543633,1864.8499760000002
2014-04-21,68.34523,1871.890015
2014-04-22,68.41342900000001,1879.550049
2014-04-23,67.519173,1875.390015
2014-04-24,73.05452,1878.609985
2014-04-25,73.591072,1863.4000239999998
2014-04-28,76.441109,1869.430054
2014-04-29,76.214638,1878.3299559999998
2014-04-30,75.92643000000001,1883.949951
2014-05-01,76.10530899999999,1883.680054
2014-05-02,76.246811,1881.140015
2014-05-05,77.32505,1884.660034
2014-05-06,76.482285,1867.719971
2014-05-07,76.214638,1878.209961
2014-05-08,76.078789,1875.630005
2014-05-09,75.761787,1878.47998
2014-05-12,76.70504,1896.6500239999998
2014-05-13,76.825363,1897.449951
2014-05-14,76.839584,1888.530029
2014-05-15,76.186157,1870.8499760000002
2014-05-16,77.310577,1877.859985
2014-05-19,78.226646,1885.0799559999998
2014-05-20,78.242142,1872.8299559999998
2014-05-21,78.44918100000001,1888.030029
2014-05-22,78.573387,1892.4899899999998
2014-05-23,79.460983,1900.530029
2014-05-27,80.948952,1911.910034
2014-05-28,80.739334,1909.780029
2014-05-29,82.21048,1920.030029
2014-05-30,81.902557,1923.569946
2014-06-02,81.339699,1924.969971
2014-06-03,82.489952,1924.2399899999998
2014-06-04,83.431915,1927.880005
2014-06-05,83.75927,1940.459961
2014-06-06,83.528938,1949.439941
2014-06-09,84.865509,1951.27002
2014-06-10,85.36365500000001,1950.790039
2014-06-11,85.010437,1943.890015
2014-06-12,83.58847,1930.109985
2014-06-13,82.673691,1936.160034
2014-06-16,83.506935,1937.780029
2014-06-17,83.39827,1941.9899899999998
2014-06-18,83.488853,1956.97998
2014-06-19,83.199013,1959.47998
2014-06-20,82.338593,1962.869995
2014-06-23,82.266121,1962.609985
2014-06-24,81.76796,1949.97998
2014-06-25,81.840439,1959.530029
2014-06-26,82.32952900000001,1957.219971
2014-06-27,83.307701,1960.959961
2014-06-30,84.16812900000001,1960.22998
2014-07-01,84.702461,1973.319946
2014-07-02,84.666267,1974.619995
2014-07-03,85.16439100000001,1985.439941
2014-07-07,86.921494,1977.6500239999998
2014-07-08,86.35994699999999,1963.709961
2014-07-09,86.396164,1972.8299559999998
2014-07-10,86.079193,1964.680054
2014-07-11,86.24221,1967.569946
2014-07-14,87.35623199999999,1977.0999760000002
2014-07-15,86.332787,1973.280029
2014-07-16,85.84369699999999,1981.569946
2014-07-17,84.313034,1958.119995
2014-07-18,85.52669499999999,1978.219971
2014-07-21,85.082901,1973.630005
2014-07-22,85.78935200000001,1983.530029
2014-07-23,88.026482,1987.0100100000002
2014-07-24,87.88153100000001,1987.97998
2014-07-25,88.461205,1978.339966
2014-07-28,89.683922,1978.910034
2014-07-29,89.104279,1969.949951
2014-07-30,88.895943,1970.069946
2014-07-31,86.586395,1930.6700440000002
2014-08-01,87.066406,1925.1500239999998
2014-08-04,86.577316,1938.9899899999998
2014-08-05,86.151657,1920.209961
2014-08-06,86.006714,1920.2399899999998
2014-08-07,85.997597,1909.569946
2014-08-08,86.23428299999999,1931.589966
2014-08-11,87.372047,1936.9200440000002
2014-08-12,87.353836,1933.75
2014-08-13,88.509834,1946.719971
2014-08-14,88.746475,1955.180054
2014-08-15,89.183418,1955.060059
2014-08-18,90.257462,1971.7399899999998
2014-08-19,91.50443299999999,1981.5999760000002
2014-08-20,91.540871,1986.5100100000002
2014-08-21,91.549965,1992.369995
2014-08-22,92.223526,1988.4000239999998
2014-08-25,92.42379,1997.9200440000002
2014-08-26,91.832115,2000.02002
2014-08-27,92.9608,2000.119995
2014-08-28,93.070038,1996.7399899999998
2014-08-29,93.297585,2003.369995
2014-09-02,94.025787,2002.280029
2014-09-03,90.05722,2000.719971
2014-09-04,89.310822,1997.6500239999998
2014-09-05,90.084518,2007.709961
2014-09-08,89.529274,2001.540039
2014-09-09,89.19249,1988.439941
2014-09-10,91.932259,1995.689941
2014-09-11,92.323639,1997.449951
2014-09-12,92.533028,1985.540039
2014-09-15,92.50569200000001,1984.130005
2014-09-16,91.80483199999999,1998.97998
2014-09-17,92.46018199999999,2001.569946
2014-09-18,92.651321,2011.359985
2014-09-19,91.895859,2010.4000239999998
2014-09-22,91.986862,1994.290039
2014-09-23,93.42501800000001,1982.77002
2014-09-24,92.614929,1998.300049
2014-09-25,89.083282,1965.9899899999998
2014-09-26,91.70472,1982.8499760000002
2014-09-29,91.12217700000001,1977.800049
2014-09-30,91.70472,1972.290039
2014-10-01,90.275642,1946.160034
2014-10-02,90.931023,1946.1700440000002
2014-10-03,90.67615500000001,1967.9000239999998
2014-10-06,90.67615500000001,1964.819946
2014-10-07,89.88423900000001,1935.0999760000002
2014-10-08,91.750206,1968.890015
2014-10-09,91.950462,1928.209961
2014-10-10,91.686493,1906.130005
2014-10-13,90.849098,1874.7399899999998
2014-10-14,89.88423900000001,1877.699951
2014-10-15,88.782898,1862.4899899999998
2014-10-16,87.617805,1862.7600100000002
2014-10-17,88.90121500000001,1886.7600100000002
2014-10-20,90.80358100000001,1904.0100100000002
2014-10-21,93.27029399999999,1941.280029
2014-10-22,93.743599,1927.109985
2014-10-23,95.41840400000001,1950.819946
2014-10-24,95.773392,1964.5799559999998
2014-10-27,95.67325600000001,1961.630005
2014-10-28,97.156906,1985.050049
2014-10-29,97.703041,1982.300049
2014-10-30,97.375374,1994.6500239999998
2014-10-31,98.30378,2018.050049
2014-11-03,99.57811,2017.810059
2014-11-04,98.84994499999999,2012.0999760000002
2014-11-05,99.086578,2023.569946
2014-11-06,99.36996500000001,2031.209961
2014-11-07,99.653374,2031.9200440000002
2014-11-10,99.488838,2038.2600100000002
2014-11-11,100.284142,2039.680054
2014-11-12,101.701088,2038.25
2014-11-13,103.136337,2039.3299559999998
2014-11-14,104.379631,2039.819946
2014-11-17,104.20594,2041.319946
2014-11-18,105.558899,2051.800049
2014-11-19,104.82757600000001,2048.719971
2014-11-20,106.32678200000001,2052.75
2014-11-21,106.47306100000002,2063.5
2014-11-24,108.44766200000001,2069.409912
2014-11-25,107.50606499999999,2067.030029
2014-11-26,108.785904,2072.830078
2014-11-28,108.721893,2067.560059
2014-12-01,105.19322199999999,2053.439941
2014-12-02,104.790977,2066.550049
2014-12-03,105.979401,2074.330078
2014-12-04,105.57717099999999,2071.919922
2014-12-05,105.12921899999999,2075.3701170000004
2014-12-08,102.752403,2060.310059
2014-12-09,104.324753,2059.820068
2014-12-10,102.341011,2026.140015
2014-12-11,102.03936800000001,2035.3299559999998
2014-12-12,100.31156899999999,2002.3299559999998
2014-12-15,98.940338,1989.630005
2014-12-16,97.58734100000001,1972.7399899999998
2014-12-17,100.01904300000001,2012.890015
2014-12-18,102.980919,2061.22998
2014-12-19,102.18561600000001,2070.649902
2014-12-22,103.24605600000001,2078.540039
2014-12-23,102.880394,2082.169922
2014-12-24,102.395844,2081.8798829999996
2014-12-26,104.20594,2088.77002
2014-12-29,104.132797,2090.570068
2014-12-30,102.862099,2080.350098
2014-12-31,100.905785,2058.899902
2015-01-02,99.945885,2058.199951
2015-01-05,97.130241,2020.5799559999998
2015-01-06,97.13942,2002.609985
2015-01-07,98.501518,2025.9000239999998
2015-01-08,102.286186,2062.139893
2015-01-09,102.395844,2044.810059
2015-01-12,99.872757,2028.2600100000002
2015-01-13,100.759514,2023.030029
2015-01-14,100.37557199999999,2011.27002
2015-01-15,97.651314,1992.6700440000002
2015-01-16,96.892563,2019.4200440000002
2015-01-20,99.38829,2022.550049
2015-01-21,100.14701099999999,2032.119995
2015-01-22,102.752403,2063.149902
2015-01-23,103.282608,2051.820068
2015-01-26,103.39231099999999,2057.090088
2015-01-27,99.772209,2029.550049
2015-01-28,105.412628,2002.160034
2015-01-29,108.69448100000001,2021.25
2015-01-30,107.10383600000002,1994.9899899999998
2015-02-02,108.44766200000001,2020.8499760000002
2015-02-03,108.46593500000002,2050.030029
2015-02-04,109.297836,2041.5100100000002
2015-02-05,110.077942,2062.52002
2015-02-06,109.15097800000001,2055.469971
2015-02-09,109.87602199999999,2046.7399899999998
2015-02-10,111.9869,2068.590088
2015-02-11,114.61176299999998,2068.530029
2015-02-12,116.061844,2088.47998
2015-02-13,116.63085900000002,2096.98999
2015-02-17,117.31919099999999,2100.340088
2015-02-18,118.136032,2099.679932
2015-02-19,117.88821399999999,2097.449951
2015-02-20,118.851883,2110.300049
2015-02-23,122.064079,2109.659912
2015-02-24,121.302315,2115.47998
2015-02-25,118.20025600000001,2113.860107
2015-02-26,119.696228,2110.73999
2015-02-27,117.8974,2104.5
2015-03-02,118.475578,2117.389893
2015-03-03,118.723381,2107.780029
2015-03-04,117.970802,2098.530029
2015-03-05,116.015945,2101.040039
2015-03-06,116.190331,2071.26001
2015-03-09,116.685921,2079.429932
2015-03-10,114.272171,2044.160034
2015-03-11,112.18884299999999,2040.2399899999998
2015-03-12,114.21711,2065.949951
2015-03-13,113.42781799999999,2053.399902
2015-03-16,114.67600300000001,2081.189941
2015-03-17,116.59413899999998,2074.280029
2015-03-18,117.906548,2099.5
2015-03-19,117.016342,2089.27002
2015-03-20,115.547905,2108.100098
2015-03-23,116.75016799999999,2104.419922
2015-03-24,116.27291100000001,2091.5
2015-03-25,113.2351,2061.050049
2015-03-26,114.024368,2056.149902
2015-03-27,113.115784,2061.02002
2015-03-30,115.97923999999999,2086.23999
2015-03-31,114.198746,2067.889893
2015-04-01,114.03356200000002,2059.689941
2015-04-02,115.01556399999998,2066.959961
2015-04-06,116.878647,2080.6201170000004
2015-04-07,115.648849,2076.330078
2015-04-08,115.272545,2081.899902
2015-04-09,116.153618,2091.179932
2015-04-10,116.649216,2102.060059
2015-04-13,116.41976899999999,2092.429932
2015-04-14,115.91498600000001,2095.840088
2015-04-15,116.355522,2106.6298829999996
2015-04-16,115.795677,2104.98999
2015-04-17,114.49243899999999,2081.179932
2015-04-20,117.108101,2100.399902
2015-04-21,116.47483799999999,2097.290039
2015-04-22,118.044243,2107.959961
2015-04-23,119.007912,2112.929932
2015-04-24,119.567741,2117.689941
2015-04-27,121.74283600000001,2108.919922
2015-04-28,119.824707,2114.76001
2015-04-29,118.062592,2106.850098
2015-04-30,114.859558,2085.51001
2015-05-01,118.34708400000001,2108.290039
2015-05-04,118.117645,2114.48999
2015-05-05,115.456108,2089.459961
2015-05-06,114.731071,2080.149902
2015-05-07,115.440712,2088.0
2015-05-08,117.615707,2116.100098
2015-05-11,116.417625,2105.330078
2015-05-12,116.00288400000001,2099.1201170000004
2015-05-13,116.131927,2098.47998
2015-05-14,118.84144599999999,2121.100098
2015-05-15,118.675552,2122.72998
2015-05-18,119.984222,2129.199951
2015-05-19,119.87364199999999,2127.830078
2015-05-20,119.864433,2125.850098
2015-05-21,121.090179,2130.820068
2015-05-22,122.15003200000001,2126.060059
2015-05-26,119.458923,2104.199951
2015-05-27,121.689232,2123.47998
2015-05-28,121.449577,2120.790039
2015-05-29,120.06718400000001,2107.389893
2015-06-01,120.30680100000001,2111.72998
2015-06-02,119.772255,2109.600098
2015-06-03,119.919716,2114.070068
2015-06-04,119.219307,2095.840088
2015-06-05,118.564957,2092.830078
2015-06-08,117.781601,2079.280029
2015-06-09,117.431381,2080.149902
2015-06-10,118.776917,2105.199951
2015-06-11,118.509666,2108.860107
2015-06-12,117.200966,2094.110107
2015-06-15,116.97058100000001,2084.429932
2015-06-16,117.59726699999999,2096.290039
2015-06-17,117.320793,2100.439941
2015-06-18,117.855324,2121.23999
2015-06-19,116.67566699999999,2109.98999
2015-06-22,117.60649099999999,2122.850098
2015-06-23,117.071945,2124.199951
2015-06-24,118.067299,2108.580078
2015-06-25,117.505127,2102.310059
2015-06-26,116.813896,2101.48999
2015-06-29,114.767921,2057.639893
2015-06-30,115.59738200000001,2063.110107
2015-07-01,116.67566699999999,2077.419922
2015-07-02,116.528198,2076.780029
2015-07-06,116.122704,2068.76001
2015-07-07,115.837006,2081.340088
2015-07-08,112.96159399999999,2046.680054
2015-07-09,110.65756999999999,2051.310059
2015-07-10,113.615921,2076.6201170000004
2015-07-13,115.809349,2099.600098
2015-07-14,115.76326,2108.949951
2015-07-15,116.878418,2107.399902
2015-07-16,118.435951,2124.290039
2015-07-17,119.458923,2126.639893
2015-07-20,121.71688799999998,2128.280029
2015-07-21,120.50034299999999,2119.209961
2015-07-22,115.40383899999999,2114.149902
2015-07-23,115.348526,2102.149902
2015-07-24,114.74028799999999,2079.649902
2015-07-27,113.145889,2067.639893
2015-07-28,113.708076,2093.25
2015-07-29,113.34863999999999,2108.570068
2015-07-30,112.777275,2108.6298829999996
2015-07-31,111.79113000000001,2103.840088
2015-08-03,109.15534199999999,2098.040039
2015-08-04,105.65322900000001,2093.320068
2015-08-05,106.35365300000001,2099.840088
2015-08-06,106.58508300000001,2083.560059
2015-08-07,106.94613600000001,2077.570068
2015-08-10,110.83441200000001,2104.179932
2015-08-11,105.066818,2084.070068
2015-08-12,106.68691299999999,2086.050049
2015-08-13,106.6036,2083.389893
2015-08-14,107.353477,2091.540039
2015-08-17,108.464417,2102.439941
2015-08-18,107.853416,2096.919922
2015-08-19,106.474007,2079.610107
2015-08-20,104.289146,2035.72998
2015-08-21,97.910515,1970.890015
2015-08-24,95.46646899999999,1893.209961
2015-08-25,96.040459,1867.609985
2015-08-26,101.548851,1940.5100100000002
2015-08-27,104.53913100000001,1987.660034
2015-08-28,104.881653,1988.869995
2015-08-31,104.390999,1972.180054
2015-09-01,99.72506,1913.8499760000002
2015-09-02,104.002151,1948.859985
2015-09-03,102.178383,1951.130005
2015-09-04,101.16001899999999,1921.219971
2015-09-08,103.974388,1969.410034
2015-09-09,101.974693,1942.040039
2015-09-10,104.21508,1952.290039
2015-09-11,105.733368,1961.050049
2015-09-14,106.751709,1953.030029
2015-09-15,107.64973400000001,1978.089966
2015-09-16,107.770096,1995.310059
2015-09-17,105.464905,1990.199951
2015-09-18,105.02977,1958.030029
2015-09-21,106.65915700000001,1966.969971
2015-09-22,104.98348999999999,1942.7399899999998
2015-09-23,105.835205,1938.7600100000002
2015-09-24,106.464729,1932.2399899999998
2015-09-25,106.196243,1931.339966
2015-09-28,104.09474200000001,1881.77002
2015-09-29,100.965599,1884.089966
2015-09-30,102.113564,1920.030029
2015-10-01,101.447006,1923.819946
2015-10-02,102.187614,1951.359985
2015-10-05,102.55794499999999,1987.050049
2015-10-06,103.048599,1979.9200440000002
2015-10-07,102.55794499999999,1995.8299559999998
2015-10-08,101.37294,2013.430054
2015-10-09,103.79849200000001,2014.890015
2015-10-12,103.317093,2017.459961
2015-10-13,103.49297299999999,2003.689941
2015-10-14,102.03025799999999,1994.2399899999998
2015-10-15,103.557793,2023.859985
2015-10-16,102.798645,2033.109985
2015-10-19,103.43744699999999,2033.660034
2015-10-20,105.326027,2030.77002
2015-10-21,105.31678000000001,2018.939941
2015-10-22,106.927628,2052.51001
2015-10-23,110.24191299999998,2075.149902
2015-10-26,106.723946,2071.179932
2015-10-27,106.048149,2065.889893
2015-10-28,110.417809,2090.350098
2015-10-29,111.584305,2089.409912
2015-10-30,110.63074499999999,2079.360107
2015-11-02,112.186066,2104.050049
2015-11-03,113.472885,2109.790039
2015-11-04,112.945198,2102.310059
2015-11-05,112.42453,2099.929932
2015-11-06,112.55468799999998,2099.199951
2015-11-09,112.099144,2078.580078
2015-11-10,108.56608600000001,2081.719971
2015-11-11,107.952477,2075.0
2015-11-12,107.589859,2045.969971
2015-11-13,104.447342,2023.040039
2015-11-16,106.158073,2053.189941
2015-11-17,105.702499,2050.439941
2015-11-18,109.049568,2083.580078
2015-11-19,110.434891,2081.23999
2015-11-20,110.91835,2089.169922
2015-11-23,109.47726399999999,2086.590088
2015-11-24,110.52787,2089.139893
2015-11-25,109.737572,2088.8701170000004
2015-11-27,109.53303500000001,2090.110107
2015-11-30,109.98861699999999,2080.409912
2015-12-01,109.09603899999999,2102.6298829999996
2015-12-02,108.11053500000001,2079.51001
2015-12-03,107.106407,2049.6201170000004
2015-12-04,110.667328,2091.689941
2015-12-07,109.970024,2077.070068
2015-12-08,109.923523,2063.590088
2015-12-09,107.496902,2047.619995
2015-12-10,108.00826299999999,2052.22998
2015-12-11,105.22831699999999,2012.369995
2015-12-14,104.577499,2021.939941
2015-12-15,102.727333,2043.410034
2015-12-16,103.517616,2073.070068
2015-12-17,101.32341,2041.890015
2015-12-18,98.58065,2005.550049
2015-12-21,99.789322,2021.1500239999998
2015-12-22,99.696365,2038.969971
2015-12-23,100.979393,2064.290039
2015-12-24,100.44014,2060.98999
2015-12-28,99.31517,2056.5
2015-12-29,101.100266,2078.360107
2015-12-30,99.780022,2063.360107
2015-12-31,97.864746,2043.939941
2016-01-04,97.948441,2012.660034
2016-01-05,95.49391899999999,2016.709961
2016-01-06,93.62514499999999,1990.2600100000002
2016-01-07,89.673714,1943.089966
2016-01-08,90.147873,1922.030029
2016-01-11,91.607574,1923.6700440000002
2016-01-12,92.937134,1938.680054
2016-01-13,90.547684,1890.280029
2016-01-14,92.528015,1921.839966
2016-01-15,90.305962,1880.3299559999998
2016-01-19,89.868973,1881.3299559999998
2016-01-20,89.989838,1859.3299559999998
2016-01-21,89.534256,1868.9899899999998
2016-01-22,94.29454,1906.9000239999998
2016-01-25,92.45366700000001,1877.0799559999998
2016-01-26,92.965019,1903.630005
2016-01-27,86.856606,1882.949951
2016-01-28,87.479507,1893.359985
2016-01-29,90.50119000000001,1940.2399899999998
2016-02-01,89.655136,1939.380005
2016-02-02,87.84214,1903.030029
2016-02-03,89.58075,1912.530029
2016-02-04,90.300537,1915.449951
2016-02-05,87.888779,1880.050049
2016-02-08,88.81424,1853.439941
2016-02-09,88.795532,1852.209961
2016-02-10,88.122475,1851.859985
2016-02-11,87.58963,1829.0799559999998
2016-02-12,87.860733,1864.780029
2016-02-16,90.337929,1895.5799559999998
2016-02-17,91.72142,1926.819946
2016-02-18,89.982704,1917.8299559999998
2016-02-19,89.777054,1917.780029
2016-02-22,90.562263,1945.5
2016-02-23,88.51507600000001,1921.27002
2016-02-24,89.833122,1929.800049
2016-02-25,90.45010400000001,1951.699951
2016-02-26,90.590324,1948.050049
2016-02-29,90.384682,1932.22998
2016-03-01,93.974251,1978.3499760000002
2016-03-02,94.179909,1986.449951
2016-03-03,94.881004,1993.4000239999998
2016-03-04,96.292534,1999.9899899999998
2016-03-07,95.226875,2001.7600100000002
2016-03-08,94.44165,1979.2600100000002
2016-03-09,94.52578000000001,1989.2600100000002
2016-03-10,94.572517,1989.569946
2016-03-11,95.591438,2022.189941
2016-03-14,95.83448,2019.640015
2016-03-15,97.760147,2015.930054
2016-03-16,99.05950899999999,2027.219971
2016-03-17,98.900581,2040.589966
2016-03-18,99.01275600000001,2049.580078
2016-03-21,99.00341800000001,2051.600098
2016-03-22,99.760597,2049.800049
2016-03-23,99.209061,2036.709961
2016-03-24,98.77906,2035.939941
2016-03-28,98.330376,2037.050049
2016-03-29,100.657997,2055.01001
2016-03-30,102.41539,2063.949951
2016-03-31,101.882561,2059.73999
2016-04-01,102.817337,2072.780029
2016-04-04,103.87365,2066.1298829999996
2016-04-05,102.64909399999999,2045.1700440000002
2016-04-06,103.724083,2066.659912
2016-04-07,101.461906,2041.910034
2016-04-08,101.574081,2047.5999760000002
2016-04-11,101.910599,2041.9899899999998
2016-04-12,103.23799100000001,2061.719971
2016-04-13,104.733665,2082.419922
2016-04-14,104.789742,2082.780029
2016-04-15,102.68647800000001,2080.72998
2016-04-18,100.471039,2094.340088
2016-04-19,99.93821,2100.800049
2016-04-20,100.143852,2102.399902
2016-04-21,99.05950899999999,2091.47998
2016-04-22,98.788414,2091.580078
2016-04-25,98.227562,2087.790039
2016-04-26,97.545135,2091.699951
2016-04-27,91.440979,2095.149902
2016-04-28,88.645966,2075.810059
2016-04-29,87.627037,2065.300049
2016-05-02,87.53355400000001,2081.429932
2016-05-03,88.973129,2063.3701170000004
2016-05-04,88.047699,2051.1201170000004
2016-05-05,87.69032299999999,2050.6298829999996
2016-05-06,87.201279,2057.139893
2016-05-09,87.26709,2058.689941
2016-05-10,87.859596,2084.389893
2016-05-11,87.003754,2064.459961
2016-05-12,84.962914,2064.110107
2016-05-13,85.132202,2046.609985
2016-05-16,88.292213,2066.659912
2016-05-17,87.925423,2047.209961
2016-05-18,88.931747,2047.630005
2016-05-19,88.593163,2040.040039
2016-05-20,89.552452,2052.320068
2016-05-23,90.690445,2048.040039
2016-05-24,92.072952,2076.060059
2016-05-25,93.690575,2090.540039
2016-05-26,94.433548,2090.100098
2016-05-27,94.377113,2099.060059
2016-05-31,93.91629,2096.949951
2016-06-01,92.599602,2099.330078
2016-06-02,91.903679,2105.26001
2016-06-03,92.091751,2099.1298829999996
2016-06-06,92.759491,2109.409912
2016-06-07,93.135696,2112.1298829999996
2016-06-08,93.051048,2119.1201170000004
2016-06-09,93.718796,2115.47998
2016-06-10,92.947609,2096.070068
2016-06-13,91.54628000000001,2079.060059
2016-06-14,91.659134,2075.320068
2016-06-15,91.358192,2071.5
2016-06-16,91.74379,2077.98999
2016-06-17,89.655891,2071.219971
2016-06-20,89.439613,2083.25
2016-06-21,90.201401,2088.899902
2016-06-22,89.86283900000001,2085.449951
2016-06-23,90.380081,2113.320068
2016-06-24,87.840805,2037.410034
2016-06-27,86.561737,2000.540039
2016-06-28,88.01949300000001,2036.089966
2016-06-29,88.781273,2070.77002
2016-06-30,89.90984300000001,2098.860107
2016-07-01,90.182587,2102.949951
2016-07-05,89.336159,2088.550049
2016-07-06,89.844009,2099.72998
2016-07-07,90.22962199999999,2097.899902
2016-07-08,90.925568,2129.899902
2016-07-11,91.20770999999999,2137.159912
2016-07-12,91.62153599999999,2152.139893
2016-07-13,91.104256,2152.429932
2016-07-14,92.909988,2163.75
2016-07-15,92.900566,2161.73999
2016-07-18,93.88808399999999,2166.889893
2016-07-19,93.92569,2163.780029
2016-07-20,94.010345,2173.02002
2016-07-21,93.511902,2165.169922
2016-07-22,92.787727,2175.030029
2016-07-25,91.54628000000001,2168.47998
2016-07-26,90.916161,2169.179932
2016-07-27,96.822357,2166.580078
2016-07-28,98.12960799999999,2170.060059
2016-07-29,98.00737,2173.600098
2016-08-01,99.73784599999999,2170.840088
2016-08-02,98.26130699999999,2157.030029
2016-08-03,99.49334,2163.790039
2016-08-04,100.107964,2164.25
2016-08-05,101.630318,2182.8701170000004
2016-08-08,102.471878,2180.889893
2016-08-09,102.887939,2181.73999
2016-08-10,102.12203199999999,2175.48999
2016-08-11,102.05584,2185.790039
2016-08-12,102.292229,2184.050049
2016-08-15,103.5215,2190.149902
2016-08-16,103.426918,2178.149902
2016-08-17,103.275635,2182.219971
2016-08-18,103.143242,2187.02002
2016-08-19,103.408005,2183.8701170000004
2016-08-22,102.604279,2182.639893
2016-08-23,102.925758,2186.899902
2016-08-24,102.150391,2175.439941
2016-08-25,101.715446,2172.469971
2016-08-26,101.11970500000001,2169.040039
2016-08-29,101.006248,2180.3798829999996
2016-08-30,100.23088800000001,2176.1201170000004
2016-08-31,100.325439,2170.949951
2016-09-01,100.92115799999999,2170.860107
2016-09-02,101.86673,2179.97998
2016-09-06,101.838356,2186.47998
2016-09-07,102.462425,2186.159912
2016-09-08,99.777016,2181.300049
2016-09-09,97.51709,2127.810059
2016-09-12,99.701363,2159.040039
2016-09-13,102.074745,2127.02002
2016-09-14,105.68683600000001,2125.77002
2016-09-15,109.280029,2147.26001
2016-09-16,108.665421,2139.159912
2016-09-19,107.398338,2139.1201170000004
2016-09-20,107.38888500000002,2139.76001
2016-09-21,107.369965,2163.1201170000004
2016-09-22,108.38173700000002,2177.179932
2016-09-23,106.575668,2164.689941
2016-09-26,106.736427,2146.100098
2016-09-27,106.93498999999998,2159.929932
2016-09-28,107.748199,2171.3701170000004
2016-09-29,106.074532,2151.1298829999996
2016-09-30,106.897194,2168.27002
2016-10-03,106.39601100000002,2161.199951
2016-10-04,106.849907,2150.48999
2016-10-05,106.897194,2159.72998
2016-10-06,107.691452,2160.77002
2016-10-07,107.85221100000001,2153.73999
2016-10-10,109.73391000000001,2163.659912
2016-10-11,109.97029099999999,2136.72998
2016-10-12,110.95369,2139.179932
2016-10-13,110.613289,2132.550049
2016-10-14,111.227898,2132.97998
2016-10-17,111.152252,2126.5
2016-10-18,111.07661399999999,2139.600098
2016-10-19,110.745667,2144.290039
2016-10-20,110.688942,2141.340088
2016-10-21,110.253975,2141.159912
2016-10-24,111.24681100000001,2151.330078
2016-10-25,111.814163,2143.159912
2016-10-26,109.29893500000001,2139.429932
2016-10-27,108.249344,2133.040039
2016-10-28,107.53070100000001,2126.409912
2016-10-31,107.360497,2126.149902
2016-11-01,105.422073,2111.719971
2016-11-02,105.516617,2097.939941
2016-11-03,104.385643,2088.659912
2016-11-04,103.444695,2085.179932
2016-11-07,104.93686699999999,2131.52002
2016-11-08,105.55466499999999,2139.560059
2016-11-09,105.383583,2163.26001
2016-11-10,102.44676199999999,2167.47998
2016-11-11,103.055038,2164.449951
2016-11-14,100.469864,2164.199951
2016-11-15,101.800461,2180.389893
2016-11-16,104.53768199999999,2176.939941
2016-11-17,104.499664,2187.1201170000004
2016-11-18,104.604233,2181.899902
2016-11-21,106.19146,2198.179932
2016-11-22,106.25797299999999,2202.939941
2016-11-23,105.716225,2204.719971
2016-11-25,106.248474,2213.350098
2016-11-28,106.039368,2201.719971
2016-11-29,105.93483,2204.659912
2016-11-30,105.041428,2198.810059
2016-12-01,104.062485,2191.080078
2016-12-02,104.452164,2191.949951
2016-12-05,103.701324,2204.709961
2016-12-06,104.499664,2212.22998
2016-12-07,105.526154,2241.350098
2016-12-08,106.562119,2246.189941
2016-12-09,108.30138400000001,2259.530029
2016-12-12,107.683624,2256.959961
2016-12-13,109.479942,2271.719971
2016-12-14,109.479942,2253.280029
2016-12-15,110.07869699999999,2262.030029
2016-12-16,110.221268,2258.070068
2016-12-19,110.85805500000001,2262.530029
2016-12-20,111.15268700000001,2270.76001
2016-12-21,111.257248,2265.179932
2016-12-22,110.525406,2260.959961
2016-12-23,110.74398799999999,2263.790039
2016-12-27,111.447319,2268.8798829999996
2016-12-28,110.972122,2249.919922
2016-12-29,110.94358799999999,2249.26001
2016-12-30,110.07869699999999,2238.830078
2017-01-03,110.392334,2257.830078
2017-01-04,110.268791,2270.75
2017-01-05,110.829552,2269.0
2017-01-06,112.065109,2276.97998
2017-01-09,113.09156000000002,2268.899902
2017-01-10,113.20562,2268.899902
2017-01-11,113.81388100000001,2275.320068
2017-01-12,113.33866100000002,2270.439941
2017-01-13,113.13908400000001,2274.639893
2017-01-17,114.051498,2267.889893
2017-01-18,114.041977,2271.889893
2017-01-19,113.84240700000001,2263.689941
2017-01-20,114.051498,2271.310059
2017-01-23,114.12753300000001,2265.199951
2017-01-24,114.02298700000001,2280.070068
2017-01-25,115.838295,2298.3701170000004
2017-01-26,115.89533999999999,2296.679932
2017-01-27,115.904839,2294.689941
2017-01-30,115.600677,2280.899902
2017-01-31,115.33456399999999,2278.8701170000004
2017-02-01,122.367752,2279.550049
2017-02-02,122.15866100000001,2280.850098
2017-02-03,122.681389,2297.419922
2017-02-06,123.83142099999999,2292.560059
2017-02-07,125.00992600000001,2293.080078
2017-02-08,125.49463700000001,2294.669922
2017-02-09,126.401474,2307.8701170000004
2017-02-10,126.11511999999999,2316.100098
2017-02-13,127.231926,2328.25
2017-02-14,128.883331,2337.580078
2017-02-15,129.35105900000002,2349.25
2017-02-16,129.198318,2347.219971
2017-02-17,129.55152900000002,2351.159912
2017-02-21,130.486969,2365.3798829999996
2017-02-22,130.878326,2362.820068
2017-02-23,130.324677,2363.810059
2017-02-24,130.44880700000002,2367.340088
2017-02-27,130.706482,2369.75
2017-02-28,130.763809,2363.639893
2017-03-01,133.436508,2395.959961
2017-03-02,132.644257,2381.919922
2017-03-03,133.42695600000002,2383.1201170000004
2017-03-06,133.006958,2375.310059
2017-03-07,133.178802,2368.389893
2017-03-08,132.68241899999998,2362.97998
2017-03-09,132.37695300000001,2364.8701170000004
2017-03-10,132.816055,2372.600098
2017-03-13,132.873306,2373.469971
2017-03-14,132.672867,2365.449951
2017-03-15,134.07608000000002,2385.26001
2017-03-16,134.295593,2381.3798829999996
2017-03-17,133.627457,2378.25
2017-03-20,135.030609,2373.469971
2017-03-21,133.48423799999998,2344.02002
2017-03-22,134.992432,2348.449951
2017-03-23,134.515152,2345.959961
2017-03-24,134.247864,2343.97998
2017-03-27,134.47699,2341.590088
2017-03-28,137.264267,2358.570068
2017-03-29,137.56968700000002,2361.1298829999996
2017-03-30,137.388336,2368.060059
2017-03-31,137.13063,2362.719971
2017-04-03,137.168839,2358.840088
2017-04-04,138.190186,2360.159912
2017-04-05,137.47425800000002,2352.949951
2017-04-06,137.13063,2357.48999
2017-04-07,136.825165,2355.540039
2017-04-10,136.662872,2357.159912
2017-04-11,135.192902,2353.780029
2017-04-12,135.355133,2344.929932
2017-04-13,134.639252,2328.949951
2017-04-17,135.383804,2349.01001
2017-04-18,134.78243999999998,2342.189941
2017-04-19,134.28604099999998,2338.169922
2017-04-20,135.966064,2355.840088
2017-04-21,135.803802,2348.689941
2017-04-24,137.111542,2374.149902
2017-04-25,137.961105,2388.610107
2017-04-26,137.149704,2387.449951
2017-04-27,137.254684,2388.77002
2017-04-28,137.121063,2384.199951
2017-05-01,139.917923,2388.330078
2017-05-02,140.805634,2391.169922
2017-05-03,140.376114,2388.1298829999996
2017-05-04,139.870178,2389.52002
2017-05-05,142.18971299999998,2399.290039
2017-05-08,146.05566399999998,2399.3798829999996
2017-05-09,146.991104,2396.919922
2017-05-10,146.294296,2399.6298829999996
2017-05-11,147.559479,2394.439941
2017-05-12,149.62025500000001,2390.899902
2017-05-15,149.236862,2402.320068
2017-05-16,149.01638799999998,2400.669922
2017-05-17,144.013092,2357.030029
2017-05-18,146.208008,2365.719971
2017-05-19,146.706436,2381.72998
2017-05-22,147.597839,2394.02002
2017-05-23,147.415726,2398.419922
2017-05-24,146.974854,2404.389893
2017-05-25,147.482788,2415.070068
2017-05-26,147.233627,2415.820068
2017-05-30,147.291138,2412.909912
2017-05-31,146.41888400000002,2411.800049
2017-06-01,146.821457,2430.060059
2017-06-02,148.997253,2439.070068
2017-06-05,147.540314,2436.100098
2017-06-06,148.03874199999998,2429.330078
2017-06-07,148.920578,2433.139893
2017-06-08,148.55632,2433.790039
2017-06-09,142.795761,2431.77002
2017-06-12,139.383591,2429.389893
2017-06-13,140.505005,2440.350098
2017-06-14,139.134399,2437.919922
2017-06-15,138.300461,2432.459961
2017-06-16,136.364365,2433.149902
2017-06-19,140.26538100000002,2453.459961
2017-06-20,138.990601,2437.030029
2017-06-21,139.814896,2435.610107
2017-06-22,139.5849,2434.5
2017-06-23,140.207886,2438.300049
2017-06-26,139.766998,2439.070068
2017-06-27,137.76371799999998,2419.3798829999996
2017-06-28,139.776566,2440.689941
2017-06-29,137.71582,2419.699951
2017-06-30,138.04168700000002,2423.409912
2017-07-03,137.543259,2429.01001
2017-07-05,138.108795,2432.540039
2017-07-06,136.805237,2409.75
2017-07-07,138.195053,2425.179932
2017-07-10,139.038498,2427.429932
2017-07-11,139.489014,2425.530029
2017-07-12,139.69030800000002,2443.25
2017-07-13,141.63606299999998,2447.830078
2017-07-14,142.853317,2459.27002
2017-07-17,143.35171499999998,2459.139893
2017-07-18,143.850143,2460.610107
2017-07-19,144.751129,2473.830078
2017-07-20,144.09935,2473.449951
2017-07-21,144.03225700000002,2472.540039
2017-07-24,145.776718,2469.909912
2017-07-25,146.399719,2477.1298829999996
2017-07-26,147.089874,2477.830078
2017-07-27,144.310242,2475.419922
2017-07-28,143.29423500000001,2472.100098
2017-07-31,142.55616799999999,2470.300049
2017-08-01,143.821396,2476.350098
2017-08-02,150.617081,2477.570068
2017-08-03,149.112244,2472.159912
2017-08-04,149.898209,2476.830078
2017-08-07,152.217773,2480.909912
2017-08-08,153.435043,2474.919922
2017-08-09,154.374359,2474.02002
2017-08-10,149.457245,2438.209961
2017-08-11,151.535736,2441.320068
2017-08-14,153.816269,2465.840088
2017-08-15,155.500198,2464.610107
2017-08-16,154.87475600000002,2468.110107
2017-08-17,151.901367,2430.01001
2017-08-18,151.554993,2425.550049
2017-08-21,151.275925,2428.3701170000004
2017-08-22,153.748917,2452.51001
2017-08-23,153.94133,2444.040039
2017-08-24,153.258148,2438.969971
2017-08-25,153.825897,2443.050049
2017-08-28,155.375107,2444.23999
2017-08-29,156.760773,2446.300049
2017-08-30,157.184158,2457.590088
2017-08-31,157.809616,2471.649902
2017-09-01,157.857742,2476.550049
2017-09-05,155.962082,2457.850098
2017-09-06,155.79849199999998,2465.540039
2017-09-07,155.173035,2465.100098
2017-09-08,152.642319,2461.429932
2017-09-11,155.403992,2488.110107
2017-09-12,154.788162,2496.47998
2017-09-13,153.623825,2498.3701170000004
2017-09-14,152.30551100000002,2495.6201170000004
2017-09-15,153.845123,2500.22998
2017-09-18,152.680801,2503.8701170000004
2017-09-19,152.738541,2506.649902
2017-09-20,150.178955,2508.23999
2017-09-21,147.600113,2500.600098
2017-09-22,146.156723,2502.219971
2017-09-25,144.86731,2496.659912
2017-09-26,147.359528,2496.840088
2017-09-27,148.408386,2507.040039
2017-09-28,147.494278,2510.060059
2017-09-29,148.30252099999998,2519.360107
2017-10-02,148.004257,2529.1201170000004
2017-10-03,148.648956,2534.580078
2017-10-04,147.686707,2537.73999
2017-10-05,149.524597,2552.070068
2017-10-06,149.437988,2549.330078
2017-10-09,149.957611,2544.72998
2017-10-10,150.01533500000002,2550.639893
2017-10-11,150.640839,2555.23999
2017-10-12,150.111603,2550.929932
2017-10-13,151.06423999999998,2553.169922
2017-10-16,153.845123,2557.639893
2017-10-17,154.412857,2559.360107
2017-10-18,153.729675,2561.26001
2017-10-19,150.092331,2562.100098
2017-10-20,150.352158,2575.209961
2017-10-23,150.275177,2564.97998
2017-10-24,151.170074,2569.1298829999996
2017-10-25,150.50611899999998,2557.149902
2017-10-26,151.468338,2560.399902
2017-10-27,156.895462,2581.070068
2017-10-30,160.42695600000002,2572.830078
2017-10-31,162.65936299999998,2575.26001
2017-11-01,160.59053,2579.360107
2017-11-02,161.764496,2579.850098
2017-11-03,165.988785,2587.840088
2017-11-06,167.67271399999998,2591.1298829999996
2017-11-07,168.21156299999998,2590.639893
2017-11-08,169.587601,2594.3798829999996
2017-11-09,169.241196,2584.6201170000004
2017-11-10,168.681061,2582.300049
2017-11-13,168.005066,2584.840088
2017-11-14,165.46524,2578.8701170000004
2017-11-15,163.282715,2564.6201170000004
2017-11-16,165.23349,2585.639893
2017-11-17,164.31604,2578.850098
2017-11-20,164.151901,2582.139893
2017-11-21,167.203537,2599.030029
2017-11-22,168.961121,2597.080078
2017-11-24,168.97079499999998,2602.419922
2017-11-27,168.120956,2601.419922
2017-11-28,167.135941,2627.040039
2017-11-29,163.66906699999998,2626.070068
2017-11-30,165.957764,2647.580078
2017-12-01,165.185196,2642.219971
2017-12-04,163.97804299999999,2639.439941
2017-12-05,163.82351699999998,2629.570068
2017-12-06,163.215149,2629.27002
2017-12-07,163.514542,2636.97998
2017-12-08,163.562775,2651.5
2017-12-11,166.749649,2659.98999
2017-12-12,165.812897,2664.110107
2017-12-13,166.363358,2662.850098
2017-12-14,166.315079,2652.01001
2017-12-15,168.005066,2675.810059
2017-12-18,170.371078,2690.159912
2017-12-19,168.55551100000002,2681.469971
2017-12-20,168.37204,2679.25
2017-12-21,169.00943,2684.570068
2017-12-22,169.00943,2683.340088
2017-12-26,164.72168,2680.5
2017-12-27,164.750641,2682.6201170000004
2017-12-28,165.21418799999998,2687.540039
2017-12-29,163.427597,2673.610107
2018-01-02,166.353714,2695.810059
2018-01-03,166.324722,2713.060059
2018-01-04,167.09729,2723.98999
2018-01-05,168.999741,2743.149902
2018-01-08,168.37204,2747.709961
2018-01-09,168.352722,2751.290039
2018-01-10,168.314102,2748.22998
2018-01-11,169.270157,2767.560059
2018-01-12,171.018112,2786.23999
2018-01-16,170.148972,2776.419922
2018-01-17,172.95921299999998,2802.560059
2018-01-18,173.11369299999998,2798.030029
2018-01-19,172.341141,2810.300049
2018-01-22,170.931198,2832.969971
2018-01-23,170.969803,2839.1298829999996
2018-01-24,168.246521,2837.540039
2018-01-25,165.243134,2839.25
2018-01-26,165.62941,2872.8701170000004
2018-01-29,162.20114099999998,2853.530029
2018-01-30,161.245102,2822.429932
2018-01-31,161.689316,2823.810059
2018-02-01,162.027328,2821.97998
2018-02-02,154.996933,2762.1298829999996
2018-02-05,151.124405,2648.939941
2018-02-06,157.440155,2695.139893
2018-02-07,154.069824,2681.659912
2018-02-08,149.830368,2581.0
2018-02-09,151.66301,2619.550049
2018-02-12,157.77178999999998,2656.0
2018-02-13,159.352325,2662.939941
2018-02-14,162.290359,2698.6298829999996
2018-02-15,167.739807,2731.199951
2018-02-16,167.19679299999999,2732.219971
2018-02-20,166.634399,2716.26001
2018-02-21,165.878067,2701.330078
2018-02-22,167.264679,2703.959961
2018-02-23,170.17361499999998,2747.300049
2018-02-26,173.538284,2779.600098
2018-02-27,172.975922,2744.280029
2018-02-28,172.714111,2713.830078
2018-03-01,169.688766,2677.669922
2018-03-02,170.862076,2691.25
2018-03-05,171.453583,2720.939941
2018-03-06,171.308121,2728.1201170000004
2018-03-07,169.717896,2726.800049
2018-03-08,171.569931,2738.969971
2018-03-09,174.517639,2786.570068
2018-03-12,176.204834,2783.02002
2018-03-13,174.50796499999998,2765.310059
2018-03-14,173.024384,2749.47998
2018-03-15,173.228012,2747.330078
2018-03-16,172.61715700000002,2752.01001
2018-03-19,169.979706,2712.919922
2018-03-20,169.921524,2716.939941
2018-03-21,166.07200600000002,2711.929932
2018-03-22,163.725449,2643.689941
2018-03-23,159.934097,2588.26001
2018-03-26,167.52650500000001,2658.550049
2018-03-27,163.23091100000002,2612.6201170000004
2018-03-28,161.427368,2605.0
2018-03-29,162.687927,2640.8701170000004
2018-04-02,161.621307,2581.8798829999996
2018-04-03,163.279419,2614.449951
2018-04-04,166.40168799999998,2644.689941
2018-04-05,167.555557,2662.840088
2018-04-06,163.269745,2604.469971
2018-04-09,164.889023,2613.159912
2018-04-10,167.991928,2656.8701170000004
2018-04-11,167.20649699999998,2642.189941
2018-04-12,168.854919,2663.98999
2018-04-13,169.426971,2656.300049
2018-04-16,170.483932,2677.840088
2018-04-17,172.83046000000002,2706.389893
2018-04-18,172.442596,2708.639893
2018-04-19,167.555557,2693.1298829999996
2018-04-20,160.69043,2670.139893
2018-04-23,160.225021,2670.290039
2018-04-24,157.99482700000002,2634.560059
2018-04-25,158.683258,2639.399902
2018-04-26,159.235962,2666.939941
2018-04-27,157.393631,2669.909912
2018-04-30,160.2444,2648.050049
2018-05-01,163.967834,2654.800049
2018-05-02,171.211151,2635.669922
2018-05-03,171.521423,2629.72998
2018-05-04,178.250809,2663.419922
2018-05-07,179.540436,2672.6298829999996
2018-05-08,180.403427,2671.919922
2018-05-09,181.673676,2697.790039
2018-05-10,184.272324,2723.070068
2018-05-11,183.57148700000002,2727.719971
2018-05-14,183.143204,2730.1298829999996
2018-05-15,181.47872900000002,2711.449951
2018-05-16,183.172379,2722.459961
2018-05-17,182.014069,2720.1298829999996
2018-05-18,181.352158,2712.969971
2018-05-21,182.637039,2733.01001
2018-05-22,182.17953500000002,2724.439941
2018-05-23,183.34764099999998,2733.290039
2018-05-24,183.143204,2727.76001
2018-05-25,183.561768,2721.330078
2018-05-29,182.899872,2689.860107
2018-05-30,182.51051299999997,2724.01001
2018-05-31,181.897247,2705.27002
2018-06-01,185.17756699999998,2734.6201170000004
2018-06-04,186.725281,2746.8701170000004
2018-06-05,188.165878,2748.800049
2018-06-06,188.81805400000002,2772.350098
2018-06-07,188.311905,2770.3701170000004
2018-06-08,186.59874,2779.030029
2018-06-11,186.14123500000002,2782.0
2018-06-12,187.1633,2786.850098
2018-06-13,185.625336,2775.6298829999996
2018-06-14,185.722702,2782.48999
2018-06-15,183.814865,2779.659912
2018-06-18,183.717484,2773.75
2018-06-19,180.748672,2762.590088
2018-06-20,181.53710900000002,2767.320068
2018-06-21,180.524796,2749.76001
2018-06-22,179.99913,2754.8798829999996
2018-06-25,177.322327,2717.070068
2018-06-26,179.522186,2723.060059
2018-06-27,179.259369,2699.6298829999996
2018-06-28,180.563736,2716.310059
2018-06-29,180.18408200000002,2718.3701170000004
2018-07-02,182.199005,2726.709961
2018-07-03,179.025772,2713.219971
2018-07-05,180.46636999999998,2736.610107
2018-07-06,182.967972,2759.820068
2018-07-09,185.508545,2784.169922
2018-07-10,185.284698,2793.840088
2018-07-11,182.88038600000002,2774.02002
2018-07-12,185.946564,2798.290039
2018-07-13,186.238571,2801.310059
2018-07-16,185.829773,2798.429932
2018-07-17,186.355377,2809.550049
2018-07-18,185.33331299999998,2815.6201170000004
2018-07-19,186.773956,2804.48999
2018-07-20,186.345688,2801.830078
2018-07-23,186.511108,2806.97998
2018-07-24,187.864151,2820.399902
2018-07-25,189.635712,2846.070068
2018-07-26,189.041946,2837.439941
2018-07-27,185.897903,2818.820068
2018-07-30,184.856369,2802.600098
2018-07-31,185.22624199999998,2816.290039
2018-08-01,196.137955,2813.360107
2018-08-02,201.871216,2827.219971
2018-08-03,202.455231,2840.350098
2018-08-06,203.5065,2850.399902
2018-08-07,201.598648,2858.449951
2018-08-08,201.734955,2857.699951
2018-08-09,203.321579,2853.580078
2018-08-10,202.715927,2833.280029
2018-08-13,204.02484099999998,2821.929932
2018-08-14,204.884491,2839.959961
2018-08-15,205.36308300000002,2818.3701170000004
2018-08-16,208.371658,2840.689941
2018-08-17,212.532806,2850.1298829999996
2018-08-20,210.462006,2857.050049
2018-08-21,210.051727,2862.959961
2018-08-22,210.061523,2861.820068
2018-08-23,210.491318,2856.97998
2018-08-24,211.145767,2874.689941
2018-08-27,212.88446000000002,2896.73999
2018-08-28,214.603638,2897.52002
2018-08-29,217.807571,2914.040039
2018-08-30,219.809998,2901.1298829999996
2018-08-31,222.349686,2901.52002
2018-09-04,223.06275899999997,2896.719971
2018-09-05,221.607346,2888.600098
2018-09-06,217.924789,2878.050049
2018-09-07,216.16655,2871.679932
2018-09-10,213.265411,2877.1298829999996
2018-09-11,218.65741,2887.889893
2018-09-12,215.941879,2888.919922
2018-09-13,221.15798999999998,2904.179932
2018-09-14,218.647614,2904.97998
2018-09-17,212.82588199999998,2888.800049
2018-09-18,213.17752099999998,2904.310059
2018-09-19,213.30447400000003,2907.949951
2018-09-20,214.92601000000002,2930.75
2018-09-21,212.610977,2929.669922
2018-09-24,215.668365,2919.3701170000004
2018-09-25,217.03588900000003,2915.560059
2018-09-26,215.306931,2905.969971
2018-09-27,219.731857,2914.0
2018-09-28,220.50354,2913.97998
2018-10-01,221.988266,2924.590088
2018-10-02,223.961426,2923.429932
2018-10-03,226.68670699999998,2925.51001
2018-10-04,222.70134,2901.610107
2018-10-05,219.08715800000002,2885.570068
2018-10-08,218.57926899999998,2884.429932
2018-10-09,221.607346,2880.340088
2018-10-10,211.34111000000001,2785.679932
2018-10-11,209.475433,2728.3701170000004
2018-10-12,216.957748,2767.1298829999996
2018-10-15,212.317917,2750.790039
2018-10-16,216.99681099999998,2809.919922
2018-10-17,216.059097,2809.209961
2018-10-18,211.00898700000002,2768.780029
2018-10-19,214.22267200000002,2767.780029
2018-10-22,215.53160099999997,2755.8798829999996
2018-10-23,217.563354,2740.689941
2018-10-24,210.100586,2656.100098
2018-10-25,214.70134,2705.570068
2018-10-26,211.28253199999997,2658.689941
2018-10-29,207.316696,2641.25
2018-10-30,208.352112,2682.6298829999996
2018-10-31,213.783142,2711.73999
2018-11-01,217.06518599999998,2740.3701170000004
2018-11-02,202.667099,2723.060059
2018-11-05,196.913727,2738.310059
2018-11-06,199.043182,2755.449951
2018-11-07,205.079803,2813.889893
2018-11-08,204.364258,2806.830078
2018-11-09,200.423798,2781.01001
2018-11-12,190.327621,2726.219971
2018-11-13,188.426025,2722.179932
2018-11-14,183.103485,2701.580078
2018-11-15,187.622253,2730.199951
2018-11-16,189.700302,2736.27002
2018-11-19,182.182083,2690.72998
2018-11-20,173.477814,2641.889893
2018-11-21,173.281754,2649.929932
2018-11-23,168.8806,2632.560059
2018-11-26,171.164505,2673.449951
2018-11-27,170.792038,2682.169922
2018-11-28,177.359451,2743.790039
2018-11-29,175.996933,2737.800049
2018-11-30,175.04615800000002,2760.169922
2018-12-03,181.16265900000002,2790.3701170000004
2018-12-04,173.19354199999998,2700.060059
2018-12-06,171.262527,2695.949951
2018-12-07,165.155823,2633.080078
2018-12-10,166.243851,2637.719971
2018-12-11,165.293045,2636.780029
2018-12-12,165.753738,2651.070068
2018-12-13,167.567123,2650.540039
2018-12-14,162.205368,2599.949951
2018-12-17,160.695862,2545.939941
2018-12-18,162.78372199999998,2546.159912
2018-12-19,157.706192,2506.959961
2018-12-20,153.72653200000002,2467.419922
2018-12-21,147.747253,2416.6201170000004
2018-12-24,143.924454,2351.100098
2018-12-26,154.059814,2467.699951
2018-12-27,153.059998,2488.830078
2018-12-28,153.138428,2485.73999
2018-12-31,154.618546,2506.850098
2019-01-02,154.794983,2510.030029
2019-01-03,139.376251,2447.889893
2019-01-04,145.326126,2531.939941
2019-01-07,145.002686,2549.689941
2019-01-08,147.766861,2574.409912
2019-01-09,150.276199,2584.959961
2019-01-10,150.756531,2596.639893
2019-01-11,149.276382,2596.26001
2019-01-14,147.031708,2582.610107
2019-01-15,150.04097,2610.300049
2019-01-16,151.873962,2616.100098
2019-01-17,152.77574199999998,2635.959961
2019-01-18,153.716751,2670.709961
2019-01-22,150.266403,2632.899902
2019-01-23,150.87413,2638.699951
2019-01-24,149.678253,2642.330078
2019-01-25,154.63815300000002,2664.76001
2019-01-28,153.207047,2643.850098
2019-01-29,151.61908,2640.0
2019-01-30,161.979935,2681.050049
2019-01-31,163.146362,2704.100098
2019-02-01,163.22479199999998,2706.530029
2019-02-04,167.861191,2724.8701170000004
2019-02-05,170.733215,2737.699951
2019-02-06,170.792038,2731.610107
2019-02-07,167.55732700000002,2706.050049
2019-02-08,167.75422700000001,2707.8798829999996
2019-02-11,166.789474,2709.800049
2019-02-12,168.22673,2744.72998
2019-02-13,167.52778600000002,2753.030029
2019-02-14,168.13815300000002,2745.72998
2019-02-15,167.764069,2775.600098
2019-02-19,168.266098,2779.76001
2019-02-20,169.34896899999998,2784.699951
2019-02-21,168.39408899999998,2774.8798829999996
2019-02-22,170.274307,2792.669922
2019-02-25,171.51466399999998,2796.110107
2019-02-26,171.613113,2793.899902
2019-02-27,172.144699,2792.3798829999996
2019-02-28,170.45150800000002,2784.48999
2019-03-01,172.24311799999998,2803.689941
2019-03-04,173.10943600000002,2792.810059
2019-03-05,172.79440300000002,2789.649902
2019-03-06,171.800171,2771.449951
2019-03-07,169.811646,2748.929932
2019-03-08,170.215256,2743.070068
2019-03-11,176.111877,2783.300049
2019-03-12,178.090576,2791.52002
2019-03-13,178.878098,2810.919922
2019-03-14,180.866608,2808.47998
2019-03-15,183.21936000000002,2822.47998
2019-03-18,185.089767,2832.939941
2019-03-19,183.622986,2832.570068
2019-03-20,185.227585,2824.22998
2019-03-21,192.049561,2854.8798829999996
2019-03-22,188.07254,2800.709961
2019-03-25,185.798523,2798.360107
2019-03-26,183.878922,2818.459961
2019-03-27,185.532745,2805.3701170000004
2019-03-28,185.77883899999998,2815.439941
2019-03-29,186.989685,2834.399902
2019-04-01,188.259598,2867.189941
2019-04-02,190.996262,2867.23999
2019-04-03,192.305542,2873.399902
2019-04-04,192.640213,2879.389893
2019-04-05,193.929794,2892.73999
2019-04-08,196.981491,2895.77002
2019-04-09,196.390839,2878.199951
2019-04-10,197.493378,2888.209961
2019-04-11,195.849411,2888.320068
2019-04-12,195.77066000000002,2907.409912
2019-04-15,196.125046,2905.580078
2019-04-16,196.144745,2907.060059
2019-04-17,199.964279,2900.449951
2019-04-18,200.682907,2905.030029
2019-04-22,201.342468,2907.969971
2019-04-23,204.246475,2933.679932
2019-04-24,203.931473,2927.25
2019-04-25,202.08078,2926.169922
2019-04-26,201.116043,2939.8798829999996
2019-04-29,201.421219,2943.030029
2019-04-30,197.542618,2945.830078
2019-05-01,207.23911999999999,2923.72998
2019-05-02,205.890457,2917.52002
2019-05-03,208.449951,2945.639893
2019-05-06,205.23091100000002,2932.469971
2019-05-07,199.698502,2884.050049
2019-05-08,199.737854,2879.419922
2019-05-09,197.591827,2870.719971
2019-05-10,194.854507,2881.399902
2019-05-13,183.529678,2811.8701170000004
2019-05-14,186.434998,2834.409912
2019-05-15,188.668335,2850.959961
2019-05-16,187.838257,2876.320068
2019-05-17,186.770996,2859.530029
2019-05-20,180.930695,2840.22998
2019-05-21,184.399307,2864.360107
2019-05-22,180.62432900000002,2856.27002
2019-05-23,177.541138,2822.23999
2019-05-24,176.859283,2826.060059
2019-05-28,176.128006,2802.389893
2019-05-29,175.288025,2783.02002
2019-05-30,176.19718899999998,2788.860107
2019-05-31,173.00528,2752.060059
2019-06-03,171.256134,2744.449951
2019-06-04,177.521378,2803.27002
2019-06-05,180.387146,2826.149902
2019-06-06,183.03556799999998,2843.48999
2019-06-07,187.90741,2873.340088
2019-06-10,190.308762,2886.72998
2019-06-11,192.512451,2885.719971
2019-06-12,191.89978,2879.840088
2019-06-13,191.860229,2891.639893
2019-06-14,190.466873,2886.97998
2019-06-17,191.603317,2889.669922
2019-06-18,196.109528,2917.75
2019-06-19,195.53637700000002,2926.459961
2019-06-20,197.10762,2954.179932
2019-06-21,196.435623,2950.459961
2019-06-24,196.237991,2945.350098
2019-06-25,193.263504,2917.3798829999996
2019-06-26,197.44361899999998,2913.780029
2019-06-27,197.384323,2924.919922
2019-06-28,195.58577,2941.76001
2019-07-01,199.172989,2964.330078
2019-07-02,200.33905,2973.01001
2019-07-03,201.99923700000002,2995.820068
2019-07-05,201.82135,2990.409912
2019-07-08,197.661011,2975.949951
2019-07-09,198.866638,2979.6298829999996
2019-07-10,200.83316000000002,2993.070068
2019-07-11,199.370621,2999.909912
2019-07-12,200.902344,3013.77002
2019-07-15,202.78981000000002,3014.300049
2019-07-16,202.088181,3004.040039
2019-07-17,200.951736,2984.419922
2019-07-18,203.234497,2995.110107
2019-07-19,200.200699,2976.610107
2019-07-22,204.776108,2985.030029
2019-07-23,206.37698400000002,3005.469971
2019-07-24,206.209015,3019.560059
2019-07-25,204.578476,3003.669922
2019-07-26,205.289978,3025.860107
2019-07-29,207.207077,3020.969971
2019-07-30,206.31768799999998,3013.179932
2019-07-31,210.527466,2980.3798829999996
2019-08-01,205.971817,2953.560059
2019-08-02,201.613846,2932.050049
2019-08-05,191.059784,2844.73999
2019-08-06,194.67661999999999,2881.77002
2019-08-07,196.692566,2883.97998
2019-08-08,201.030792,2938.090088
2019-08-09,199.374222,2918.649902
2019-08-12,198.868317,2882.699951
2019-08-13,207.290085,2926.320068
2019-08-14,201.120071,2840.600098
2019-08-15,200.118195,2847.600098
2019-08-16,204.83992,2888.679932
2019-08-19,208.658981,2923.649902
2019-08-20,208.6689,2900.51001
2019-08-21,210.930573,2924.429932
2019-08-22,210.752029,2922.949951
2019-08-23,201.01097099999998,2847.110107
2019-08-26,204.830002,2878.3798829999996
2019-08-27,202.51873799999998,2869.159912
2019-08-28,203.877731,2887.939941
2019-08-29,207.32974199999998,2924.580078
2019-08-30,207.06192,2926.459961
2019-09-03,204.04634099999998,2906.27002
2019-09-04,207.50831599999998,2937.780029
2019-09-05,211.565414,2976.0
2019-09-06,211.54557799999998,2978.709961
2019-09-09,212.448273,2978.429932
2019-09-10,214.957916,2979.389893
2019-09-11,221.792542,3000.929932
2019-09-12,221.29655499999998,3009.570068
2019-09-13,216.99145499999997,3007.389893
2019-09-16,218.132202,2997.959961
2019-09-17,218.925781,3005.699951
2019-09-18,220.97914100000003,3006.72998
2019-09-19,219.18370099999999,3006.790039
2019-09-20,215.97963,2992.070068
2019-09-23,216.96168500000002,2991.780029
2019-09-24,215.930038,2966.600098
2019-09-25,219.25311299999998,2984.8701170000004
2019-09-26,218.12228399999998,2977.6201170000004
2019-09-27,217.060898,2961.790039
2019-09-30,222.169479,2976.73999
2019-10-01,222.7845,2940.25
2019-10-02,217.199768,2887.610107
2019-10-03,219.0448,2910.6298829999996
2019-10-04,225.185043,2952.01001
2019-10-07,225.23463399999997,2938.790039
2019-10-08,222.59602400000003,2893.060059
2019-10-09,225.20489500000002,2919.399902
2019-10-10,228.24027999999998,2938.1298829999996
2019-10-11,234.311081,2970.27002
2019-10-14,233.97381600000003,2966.149902
2019-10-15,233.42825299999998,2995.679932
2019-10-16,232.48587,2989.689941
2019-10-17,233.388565,2997.949951
2019-10-18,234.50949100000003,2986.199951
2019-10-21,238.57650800000002,3006.719971
2019-10-22,238.03094500000003,2995.98999
2019-10-23,241.225052,3004.52002
2019-10-24,241.62182599999997,3010.290039
2019-10-25,244.597717,3022.550049
2019-10-28,247.047867,3039.419922
2019-10-29,241.334152,3036.889893
2019-10-30,241.304398,3046.77002
2019-10-31,246.76019300000002,3037.560059
2019-11-01,253.76344300000002,3066.909912
2019-11-04,255.42993199999998,3078.27002
2019-11-05,255.062927,3074.6201170000004
2019-11-06,255.17201200000002,3076.780029
2019-11-07,258.117004,3085.179932
2019-11-08,258.823456,3093.080078
2019-11-11,260.873016,3087.01001
2019-11-12,260.63421600000004,3091.840088
2019-11-13,263.131531,3094.040039
2019-11-14,261.310791,3096.6298829999996
2019-11-15,264.415009,3120.459961
2019-11-18,265.74823,3122.030029
2019-11-19,264.94232200000005,3120.179932
2019-11-20,261.858032,3108.459961
2019-11-21,260.68399,3103.540039
2019-11-22,260.45513900000003,3110.290039
2019-11-25,265.021912,3133.639893
2019-11-26,262.952423,3140.52002
2019-11-27,266.484467,3153.6298829999996
2019-11-29,265.89746099999996,3140.97998
2019-12-02,262.82309,3113.8701170000004
2019-12-03,258.136963,3093.199951
2019-12-04,260.415344,3112.76001
2019-12-05,264.23590099999996,3117.429932
2019-12-06,269.339935,3145.909912
2019-12-09,265.569122,3135.959961
2019-12-10,267.121246,3132.52002
2019-12-11,269.399658,3141.6298829999996
2019-12-12,270.086151,3168.570068
2019-12-13,273.757477,3168.800049
2019-12-16,278.443604,3191.449951
2019-12-17,278.990875,3192.52002
2019-12-18,278.324249,3191.139893
2019-12-19,278.602814,3205.3701170000004
2019-12-20,278.025757,3221.219971
2019-12-23,282.562683,3224.01001
2019-12-24,282.831299,3223.3798829999996
2019-12-26,288.44277999999997,3239.909912
2019-12-27,288.333313,3240.02002
2019-12-30,290.044617,3221.290039
